C-bounce-e0.0-s0.01-o-1000.0_1000.0-hz120-0.jsonl.gz: OK
C-bounce-e0.0-s0.01-o-1000.0_1000.0-hz30-0.jsonl.gz: OK
C-bounce-e0.0-s0.01-o-1000.0_1000.0-hz60-0.jsonl.gz: OK
C-bounce-e0.0-s0.01-o-1000000.0_1000000.0-hz120-0.jsonl.gz: OK
C-bounce-e0.0-s0.01-o-1000000.0_1000000.0-hz30-0.jsonl.gz: OK
C-bounce-e0.0-s0.01-o-1000000.0_1000000.0-hz60-0.jsonl.gz: OK
C-bounce-e0.0-s0.01-o0.0_0.0-hz120-0.jsonl.gz: OK
C-bounce-e0.0-s0.01-o0.0_0.0-hz30-0.jsonl.gz: OK
C-bounce-e0.0-s0.01-o0.0_0.0-hz60-0.jsonl.gz: OK
C-bounce-e0.0-s0.01-o1000.0_1000.0-hz120-0.jsonl.gz: OK
C-bounce-e0.0-s0.01-o1000.0_1000.0-hz30-0.jsonl.gz: OK
C-bounce-e0.0-s0.01-o1000.0_1000.0-hz60-0.jsonl.gz: OK
C-bounce-e0.0-s0.01-o1000000.0_-1000000.0-hz120-0.jsonl.gz: OK
C-bounce-e0.0-s0.01-o1000000.0_-1000000.0-hz30-0.jsonl.gz: OK
C-bounce-e0.0-s0.01-o1000000.0_-1000000.0-hz60-0.jsonl.gz: OK
C-bounce-e0.0-s1.0-o-1000.0_1000.0-hz120-0.jsonl.gz: OK
C-bounce-e0.0-s1.0-o-1000.0_1000.0-hz30-0.jsonl.gz: OK
C-bounce-e0.0-s1.0-o-1000.0_1000.0-hz60-0.jsonl.gz: OK
C-bounce-e0.0-s1.0-o-1000000.0_1000000.0-hz120-0.jsonl.gz: OK
C-bounce-e0.0-s1.0-o-1000000.0_1000000.0-hz30-0.jsonl.gz: OK
C-bounce-e0.0-s1.0-o-1000000.0_1000000.0-hz60-0.jsonl.gz: OK
C-bounce-e0.0-s1.0-o0.0_0.0-hz120-0.jsonl.gz: OK
C-bounce-e0.0-s1.0-o0.0_0.0-hz30-0.jsonl.gz: OK
C-bounce-e0.0-s1.0-o0.0_0.0-hz60-0.jsonl.gz: OK
C-bounce-e0.0-s1.0-o1000.0_1000.0-hz120-0.jsonl.gz: OK
C-bounce-e0.0-s1.0-o1000.0_1000.0-hz30-0.jsonl.gz: OK
C-bounce-e0.0-s1.0-o1000.0_1000.0-hz60-0.jsonl.gz: OK
C-bounce-e0.0-s1.0-o1000000.0_-1000000.0-hz120-0.jsonl.gz: OK
C-bounce-e0.0-s1.0-o1000000.0_-1000000.0-hz30-0.jsonl.gz: OK
C-bounce-e0.0-s1.0-o1000000.0_-1000000.0-hz60-0.jsonl.gz: OK
C-bounce-e0.0-s100.0-o-1000.0_1000.0-hz120-0.jsonl.gz: OK
C-bounce-e0.0-s100.0-o-1000.0_1000.0-hz30-0.jsonl.gz: OK
C-bounce-e0.0-s100.0-o-1000.0_1000.0-hz60-0.jsonl.gz: OK
C-bounce-e0.0-s100.0-o-1000000.0_1000000.0-hz120-0.jsonl.gz: OK
C-bounce-e0.0-s100.0-o-1000000.0_1000000.0-hz30-0.jsonl.gz: OK
C-bounce-e0.0-s100.0-o-1000000.0_1000000.0-hz60-0.jsonl.gz: OK
C-bounce-e0.0-s100.0-o0.0_0.0-hz120-0.jsonl.gz: OK
C-bounce-e0.0-s100.0-o0.0_0.0-hz30-0.jsonl.gz: OK
C-bounce-e0.0-s100.0-o0.0_0.0-hz60-0.jsonl.gz: OK
C-bounce-e0.0-s100.0-o1000.0_1000.0-hz120-0.jsonl.gz: OK
C-bounce-e0.0-s100.0-o1000.0_1000.0-hz30-0.jsonl.gz: OK
C-bounce-e0.0-s100.0-o1000.0_1000.0-hz60-0.jsonl.gz: OK
C-bounce-e0.0-s100.0-o1000000.0_-1000000.0-hz120-0.jsonl.gz: OK
C-bounce-e0.0-s100.0-o1000000.0_-1000000.0-hz30-0.jsonl.gz: OK
C-bounce-e0.0-s100.0-o1000000.0_-1000000.0-hz60-0.jsonl.gz: OK
C-bounce-e0.5-s0.01-o-1000.0_1000.0-hz120-0.jsonl.gz: OK
C-bounce-e0.5-s0.01-o-1000.0_1000.0-hz30-0.jsonl.gz: OK
C-bounce-e0.5-s0.01-o-1000.0_1000.0-hz60-0.jsonl.gz: OK
C-bounce-e0.5-s0.01-o-1000000.0_1000000.0-hz120-0.jsonl.gz: OK
C-bounce-e0.5-s0.01-o-1000000.0_1000000.0-hz30-0.jsonl.gz: OK
C-bounce-e0.5-s0.01-o-1000000.0_1000000.0-hz60-0.jsonl.gz: OK
C-bounce-e0.5-s0.01-o0.0_0.0-hz120-0.jsonl.gz: OK
C-bounce-e0.5-s0.01-o0.0_0.0-hz30-0.jsonl.gz: OK
C-bounce-e0.5-s0.01-o0.0_0.0-hz60-0.jsonl.gz: OK
C-bounce-e0.5-s0.01-o1000.0_1000.0-hz120-0.jsonl.gz: OK
C-bounce-e0.5-s0.01-o1000.0_1000.0-hz30-0.jsonl.gz: OK
C-bounce-e0.5-s0.01-o1000.0_1000.0-hz60-0.jsonl.gz: OK
C-bounce-e0.5-s0.01-o1000000.0_-1000000.0-hz120-0.jsonl.gz: OK
C-bounce-e0.5-s0.01-o1000000.0_-1000000.0-hz30-0.jsonl.gz: OK
C-bounce-e0.5-s0.01-o1000000.0_-1000000.0-hz60-0.jsonl.gz: OK
C-bounce-e0.5-s1.0-o-1000.0_1000.0-hz120-0.jsonl.gz: OK
C-bounce-e0.5-s1.0-o-1000.0_1000.0-hz30-0.jsonl.gz: OK
C-bounce-e0.5-s1.0-o-1000.0_1000.0-hz60-0.jsonl.gz: OK
C-bounce-e0.5-s1.0-o-1000000.0_1000000.0-hz120-0.jsonl.gz: OK
C-bounce-e0.5-s1.0-o-1000000.0_1000000.0-hz30-0.jsonl.gz: OK
C-bounce-e0.5-s1.0-o-1000000.0_1000000.0-hz60-0.jsonl.gz: OK
C-bounce-e0.5-s1.0-o0.0_0.0-hz120-0.jsonl.gz: OK
C-bounce-e0.5-s1.0-o0.0_0.0-hz30-0.jsonl.gz: OK
C-bounce-e0.5-s1.0-o0.0_0.0-hz60-0.jsonl.gz: OK
C-bounce-e0.5-s1.0-o1000.0_1000.0-hz120-0.jsonl.gz: OK
C-bounce-e0.5-s1.0-o1000.0_1000.0-hz30-0.jsonl.gz: OK
C-bounce-e0.5-s1.0-o1000.0_1000.0-hz60-0.jsonl.gz: OK
C-bounce-e0.5-s1.0-o1000000.0_-1000000.0-hz120-0.jsonl.gz: OK
C-bounce-e0.5-s1.0-o1000000.0_-1000000.0-hz30-0.jsonl.gz: OK
C-bounce-e0.5-s1.0-o1000000.0_-1000000.0-hz60-0.jsonl.gz: OK
C-bounce-e0.5-s100.0-o-1000.0_1000.0-hz120-0.jsonl.gz: OK
C-bounce-e0.5-s100.0-o-1000.0_1000.0-hz30-0.jsonl.gz: OK
C-bounce-e0.5-s100.0-o-1000.0_1000.0-hz60-0.jsonl.gz: OK
C-bounce-e0.5-s100.0-o-1000000.0_1000000.0-hz120-0.jsonl.gz: OK
C-bounce-e0.5-s100.0-o-1000000.0_1000000.0-hz30-0.jsonl.gz: OK
C-bounce-e0.5-s100.0-o-1000000.0_1000000.0-hz60-0.jsonl.gz: OK
C-bounce-e0.5-s100.0-o0.0_0.0-hz120-0.jsonl.gz: OK
C-bounce-e0.5-s100.0-o0.0_0.0-hz30-0.jsonl.gz: OK
C-bounce-e0.5-s100.0-o0.0_0.0-hz60-0.jsonl.gz: OK
C-bounce-e0.5-s100.0-o1000.0_1000.0-hz120-0.jsonl.gz: OK
C-bounce-e0.5-s100.0-o1000.0_1000.0-hz30-0.jsonl.gz: OK
C-bounce-e0.5-s100.0-o1000.0_1000.0-hz60-0.jsonl.gz: OK
C-bounce-e0.5-s100.0-o1000000.0_-1000000.0-hz120-0.jsonl.gz: OK
C-bounce-e0.5-s100.0-o1000000.0_-1000000.0-hz30-0.jsonl.gz: OK
C-bounce-e0.5-s100.0-o1000000.0_-1000000.0-hz60-0.jsonl.gz: OK
C-bounce-e1.0-s0.01-o-1000.0_1000.0-hz120-0.jsonl.gz: OK
C-bounce-e1.0-s0.01-o-1000.0_1000.0-hz30-0.jsonl.gz: OK
C-bounce-e1.0-s0.01-o-1000.0_1000.0-hz60-0.jsonl.gz: OK
C-bounce-e1.0-s0.01-o-1000000.0_1000000.0-hz120-0.jsonl.gz: OK
C-bounce-e1.0-s0.01-o-1000000.0_1000000.0-hz30-0.jsonl.gz: OK
C-bounce-e1.0-s0.01-o-1000000.0_1000000.0-hz60-0.jsonl.gz: OK
C-bounce-e1.0-s0.01-o0.0_0.0-hz120-0.jsonl.gz: OK
C-bounce-e1.0-s0.01-o0.0_0.0-hz30-0.jsonl.gz: OK
C-bounce-e1.0-s0.01-o0.0_0.0-hz60-0.jsonl.gz: OK
C-bounce-e1.0-s0.01-o1000.0_1000.0-hz120-0.jsonl.gz: OK
C-bounce-e1.0-s0.01-o1000.0_1000.0-hz30-0.jsonl.gz: OK
C-bounce-e1.0-s0.01-o1000.0_1000.0-hz60-0.jsonl.gz: OK
C-bounce-e1.0-s0.01-o1000000.0_-1000000.0-hz120-0.jsonl.gz: OK
C-bounce-e1.0-s0.01-o1000000.0_-1000000.0-hz30-0.jsonl.gz: OK
C-bounce-e1.0-s0.01-o1000000.0_-1000000.0-hz60-0.jsonl.gz: OK
C-bounce-e1.0-s1.0-o-1000.0_1000.0-hz120-0.jsonl.gz: OK
C-bounce-e1.0-s1.0-o-1000.0_1000.0-hz30-0.jsonl.gz: OK
C-bounce-e1.0-s1.0-o-1000.0_1000.0-hz60-0.jsonl.gz: OK
C-bounce-e1.0-s1.0-o-1000000.0_1000000.0-hz120-0.jsonl.gz: OK
C-bounce-e1.0-s1.0-o-1000000.0_1000000.0-hz30-0.jsonl.gz: OK
C-bounce-e1.0-s1.0-o-1000000.0_1000000.0-hz60-0.jsonl.gz: OK
C-bounce-e1.0-s1.0-o0.0_0.0-hz120-0.jsonl.gz: OK
C-bounce-e1.0-s1.0-o0.0_0.0-hz30-0.jsonl.gz: OK
C-bounce-e1.0-s1.0-o0.0_0.0-hz60-0.jsonl.gz: OK
C-bounce-e1.0-s1.0-o1000.0_1000.0-hz120-0.jsonl.gz: OK
C-bounce-e1.0-s1.0-o1000.0_1000.0-hz30-0.jsonl.gz: OK
C-bounce-e1.0-s1.0-o1000.0_1000.0-hz60-0.jsonl.gz: OK
C-bounce-e1.0-s1.0-o1000000.0_-1000000.0-hz120-0.jsonl.gz: OK
C-bounce-e1.0-s1.0-o1000000.0_-1000000.0-hz30-0.jsonl.gz: OK
C-bounce-e1.0-s1.0-o1000000.0_-1000000.0-hz60-0.jsonl.gz: OK
C-bounce-e1.0-s100.0-o-1000.0_1000.0-hz120-0.jsonl.gz: OK
C-bounce-e1.0-s100.0-o-1000.0_1000.0-hz30-0.jsonl.gz: OK
C-bounce-e1.0-s100.0-o-1000.0_1000.0-hz60-0.jsonl.gz: OK
C-bounce-e1.0-s100.0-o-1000000.0_1000000.0-hz120-0.jsonl.gz: OK
C-bounce-e1.0-s100.0-o-1000000.0_1000000.0-hz30-0.jsonl.gz: OK
C-bounce-e1.0-s100.0-o-1000000.0_1000000.0-hz60-0.jsonl.gz: OK
C-bounce-e1.0-s100.0-o0.0_0.0-hz120-0.jsonl.gz: OK
C-bounce-e1.0-s100.0-o0.0_0.0-hz30-0.jsonl.gz: OK
C-bounce-e1.0-s100.0-o0.0_0.0-hz60-0.jsonl.gz: OK
C-bounce-e1.0-s100.0-o1000.0_1000.0-hz120-0.jsonl.gz: OK
C-bounce-e1.0-s100.0-o1000.0_1000.0-hz30-0.jsonl.gz: OK
C-bounce-e1.0-s100.0-o1000.0_1000.0-hz60-0.jsonl.gz: OK
C-bounce-e1.0-s100.0-o1000000.0_-1000000.0-hz120-0.jsonl.gz: OK
C-bounce-e1.0-s100.0-o1000000.0_-1000000.0-hz30-0.jsonl.gz: OK
C-bounce-e1.0-s100.0-o1000000.0_-1000000.0-hz60-0.jsonl.gz: OK
C-slide-s0.01-o-1000.0_1000.0-hz60-0.jsonl.gz: OK
C-slide-s0.01-o-1000000.0_1000000.0-hz60-0.jsonl.gz: OK
C-slide-s0.01-o0.0_0.0-hz60-0.jsonl.gz: OK
C-slide-s0.01-o1000.0_1000.0-hz60-0.jsonl.gz: OK
C-slide-s0.01-o1000000.0_-1000000.0-hz60-0.jsonl.gz: OK
C-slide-s1.0-o-1000.0_1000.0-hz60-0.jsonl.gz: OK
C-slide-s1.0-o-1000000.0_1000000.0-hz60-0.jsonl.gz: OK
C-slide-s1.0-o0.0_0.0-hz60-0.jsonl.gz: OK
C-slide-s1.0-o1000.0_1000.0-hz60-0.jsonl.gz: OK
C-slide-s1.0-o1000000.0_-1000000.0-hz60-0.jsonl.gz: OK
C-slide-s100.0-o-1000.0_1000.0-hz60-0.jsonl.gz: OK
C-slide-s100.0-o-1000000.0_1000000.0-hz60-0.jsonl.gz: OK
C-slide-s100.0-o0.0_0.0-hz60-0.jsonl.gz: OK
C-slide-s100.0-o1000.0_1000.0-hz60-0.jsonl.gz: OK
C-slide-s100.0-o1000000.0_-1000000.0-hz60-0.jsonl.gz: OK
C-stack-s0.01-o-1000.0_1000.0-hz120-0.jsonl.gz: OK
C-stack-s0.01-o-1000.0_1000.0-hz30-0.jsonl.gz: OK
C-stack-s0.01-o-1000.0_1000.0-hz60-0.jsonl.gz: OK
C-stack-s0.01-o-1000000.0_1000000.0-hz120-0.jsonl.gz: OK
C-stack-s0.01-o-1000000.0_1000000.0-hz30-0.jsonl.gz: OK
C-stack-s0.01-o-1000000.0_1000000.0-hz60-0.jsonl.gz: OK
C-stack-s0.01-o0.0_0.0-hz120-0.jsonl.gz: OK
C-stack-s0.01-o0.0_0.0-hz30-0.jsonl.gz: OK
C-stack-s0.01-o0.0_0.0-hz60-0.jsonl.gz: OK
C-stack-s0.01-o1000.0_1000.0-hz120-0.jsonl.gz: OK
C-stack-s0.01-o1000.0_1000.0-hz30-0.jsonl.gz: OK
C-stack-s0.01-o1000.0_1000.0-hz60-0.jsonl.gz: OK
C-stack-s0.01-o1000000.0_-1000000.0-hz120-0.jsonl.gz: OK
C-stack-s0.01-o1000000.0_-1000000.0-hz30-0.jsonl.gz: OK
C-stack-s0.01-o1000000.0_-1000000.0-hz60-0.jsonl.gz: OK
C-stack-s1.0-o-1000.0_1000.0-hz120-0.jsonl.gz: OK
C-stack-s1.0-o-1000.0_1000.0-hz30-0.jsonl.gz: OK
C-stack-s1.0-o-1000.0_1000.0-hz60-0.jsonl.gz: OK
C-stack-s1.0-o-1000000.0_1000000.0-hz120-0.jsonl.gz: OK
C-stack-s1.0-o-1000000.0_1000000.0-hz30-0.jsonl.gz: OK
C-stack-s1.0-o-1000000.0_1000000.0-hz60-0.jsonl.gz: OK
C-stack-s1.0-o0.0_0.0-hz120-0.jsonl.gz: OK
C-stack-s1.0-o0.0_0.0-hz30-0.jsonl.gz: OK
C-stack-s1.0-o0.0_0.0-hz60-0.jsonl.gz: OK
C-stack-s1.0-o1000.0_1000.0-hz120-0.jsonl.gz: OK
C-stack-s1.0-o1000.0_1000.0-hz30-0.jsonl.gz: OK
C-stack-s1.0-o1000.0_1000.0-hz60-0.jsonl.gz: OK
C-stack-s1.0-o1000000.0_-1000000.0-hz120-0.jsonl.gz: OK
C-stack-s1.0-o1000000.0_-1000000.0-hz30-0.jsonl.gz: OK
C-stack-s1.0-o1000000.0_-1000000.0-hz60-0.jsonl.gz: OK
C-stack-s100.0-o-1000.0_1000.0-hz120-0.jsonl.gz: OK
C-stack-s100.0-o-1000.0_1000.0-hz30-0.jsonl.gz: OK
C-stack-s100.0-o-1000.0_1000.0-hz60-0.jsonl.gz: OK
C-stack-s100.0-o-1000000.0_1000000.0-hz120-0.jsonl.gz: OK
C-stack-s100.0-o-1000000.0_1000000.0-hz30-0.jsonl.gz: OK
C-stack-s100.0-o-1000000.0_1000000.0-hz60-0.jsonl.gz: OK
C-stack-s100.0-o0.0_0.0-hz120-0.jsonl.gz: OK
C-stack-s100.0-o0.0_0.0-hz30-0.jsonl.gz: OK
C-stack-s100.0-o0.0_0.0-hz60-0.jsonl.gz: OK
C-stack-s100.0-o1000.0_1000.0-hz120-0.jsonl.gz: OK
C-stack-s100.0-o1000.0_1000.0-hz30-0.jsonl.gz: OK
C-stack-s100.0-o1000.0_1000.0-hz60-0.jsonl.gz: OK
C-stack-s100.0-o1000000.0_-1000000.0-hz120-0.jsonl.gz: OK
C-stack-s100.0-o1000000.0_-1000000.0-hz30-0.jsonl.gz: OK
C-stack-s100.0-o1000000.0_-1000000.0-hz60-0.jsonl.gz: OK
CCD-world-circle-ALL-s0.01-o-1000.0_1000.0-hz120-0.jsonl.gz: OK
CCD-world-circle-ALL-s0.01-o-1000.0_1000.0-hz30-0.jsonl.gz: OK
CCD-world-circle-ALL-s0.01-o-1000.0_1000.0-hz60-0.jsonl.gz: OK
CCD-world-circle-ALL-s0.01-o-1000000.0_1000000.0-hz120-0.jsonl.gz: OK
CCD-world-circle-ALL-s0.01-o-1000000.0_1000000.0-hz30-0.jsonl.gz: OK
CCD-world-circle-ALL-s0.01-o-1000000.0_1000000.0-hz60-0.jsonl.gz: OK
CCD-world-circle-ALL-s0.01-o0.0_0.0-hz120-0.jsonl.gz: OK
CCD-world-circle-ALL-s0.01-o0.0_0.0-hz30-0.jsonl.gz: OK
CCD-world-circle-ALL-s0.01-o0.0_0.0-hz60-0.jsonl.gz: OK
CCD-world-circle-ALL-s0.01-o1000.0_1000.0-hz120-0.jsonl.gz: OK
CCD-world-circle-ALL-s0.01-o1000.0_1000.0-hz30-0.jsonl.gz: OK
CCD-world-circle-ALL-s0.01-o1000.0_1000.0-hz60-0.jsonl.gz: OK
CCD-world-circle-ALL-s0.01-o1000000.0_-1000000.0-hz120-0.jsonl.gz: OK
CCD-world-circle-ALL-s0.01-o1000000.0_-1000000.0-hz30-0.jsonl.gz: OK
CCD-world-circle-ALL-s0.01-o1000000.0_-1000000.0-hz60-0.jsonl.gz: OK
CCD-world-circle-ALL-s1.0-o-1000.0_1000.0-hz120-0.jsonl.gz: OK
CCD-world-circle-ALL-s1.0-o-1000.0_1000.0-hz30-0.jsonl.gz: OK
CCD-world-circle-ALL-s1.0-o-1000.0_1000.0-hz60-0.jsonl.gz: OK
CCD-world-circle-ALL-s1.0-o-1000000.0_1000000.0-hz120-0.jsonl.gz: OK
CCD-world-circle-ALL-s1.0-o-1000000.0_1000000.0-hz30-0.jsonl.gz: OK
CCD-world-circle-ALL-s1.0-o-1000000.0_1000000.0-hz60-0.jsonl.gz: OK
CCD-world-circle-ALL-s1.0-o0.0_0.0-hz120-0.jsonl.gz: OK
CCD-world-circle-ALL-s1.0-o0.0_0.0-hz30-0.jsonl.gz: OK
CCD-world-circle-ALL-s1.0-o0.0_0.0-hz60-0.jsonl.gz: OK
CCD-world-circle-ALL-s1.0-o1000.0_1000.0-hz120-0.jsonl.gz: OK
CCD-world-circle-ALL-s1.0-o1000.0_1000.0-hz30-0.jsonl.gz: OK
CCD-world-circle-ALL-s1.0-o1000.0_1000.0-hz60-0.jsonl.gz: OK
CCD-world-circle-ALL-s1.0-o1000000.0_-1000000.0-hz120-0.jsonl.gz: OK
CCD-world-circle-ALL-s1.0-o1000000.0_-1000000.0-hz30-0.jsonl.gz: OK
CCD-world-circle-ALL-s1.0-o1000000.0_-1000000.0-hz60-0.jsonl.gz: OK
CCD-world-circle-ALL-s100.0-o-1000.0_1000.0-hz120-0.jsonl.gz: OK
CCD-world-circle-ALL-s100.0-o-1000.0_1000.0-hz30-0.jsonl.gz: OK
CCD-world-circle-ALL-s100.0-o-1000.0_1000.0-hz60-0.jsonl.gz: OK
CCD-world-circle-ALL-s100.0-o-1000000.0_1000000.0-hz120-0.jsonl.gz: OK
CCD-world-circle-ALL-s100.0-o-1000000.0_1000000.0-hz30-0.jsonl.gz: OK
CCD-world-circle-ALL-s100.0-o-1000000.0_1000000.0-hz60-0.jsonl.gz: OK
CCD-world-circle-ALL-s100.0-o0.0_0.0-hz120-0.jsonl.gz: OK
CCD-world-circle-ALL-s100.0-o0.0_0.0-hz30-0.jsonl.gz: OK
CCD-world-circle-ALL-s100.0-o0.0_0.0-hz60-0.jsonl.gz: OK
CCD-world-circle-ALL-s100.0-o1000.0_1000.0-hz120-0.jsonl.gz: OK
CCD-world-circle-ALL-s100.0-o1000.0_1000.0-hz30-0.jsonl.gz: OK
CCD-world-circle-ALL-s100.0-o1000.0_1000.0-hz60-0.jsonl.gz: OK
CCD-world-circle-ALL-s100.0-o1000000.0_-1000000.0-hz120-0.jsonl.gz: OK
CCD-world-circle-ALL-s100.0-o1000000.0_-1000000.0-hz30-0.jsonl.gz: OK
CCD-world-circle-ALL-s100.0-o1000000.0_-1000000.0-hz60-0.jsonl.gz: OK
CCD-world-circle-NONE-s0.01-o-1000.0_1000.0-hz120-0.jsonl.gz: OK
CCD-world-circle-NONE-s0.01-o-1000.0_1000.0-hz30-0.jsonl.gz: OK
CCD-world-circle-NONE-s0.01-o-1000.0_1000.0-hz60-0.jsonl.gz: OK
CCD-world-circle-NONE-s0.01-o-1000000.0_1000000.0-hz120-0.jsonl.gz: OK
CCD-world-circle-NONE-s0.01-o-1000000.0_1000000.0-hz30-0.jsonl.gz: OK
CCD-world-circle-NONE-s0.01-o-1000000.0_1000000.0-hz60-0.jsonl.gz: OK
CCD-world-circle-NONE-s0.01-o0.0_0.0-hz120-0.jsonl.gz: OK
CCD-world-circle-NONE-s0.01-o0.0_0.0-hz30-0.jsonl.gz: OK
CCD-world-circle-NONE-s0.01-o0.0_0.0-hz60-0.jsonl.gz: OK
CCD-world-circle-NONE-s0.01-o1000.0_1000.0-hz120-0.jsonl.gz: OK
CCD-world-circle-NONE-s0.01-o1000.0_1000.0-hz30-0.jsonl.gz: OK
CCD-world-circle-NONE-s0.01-o1000.0_1000.0-hz60-0.jsonl.gz: OK
CCD-world-circle-NONE-s0.01-o1000000.0_-1000000.0-hz120-0.jsonl.gz: OK
CCD-world-circle-NONE-s0.01-o1000000.0_-1000000.0-hz30-0.jsonl.gz: OK
CCD-world-circle-NONE-s0.01-o1000000.0_-1000000.0-hz60-0.jsonl.gz: OK
CCD-world-circle-NONE-s1.0-o-1000.0_1000.0-hz120-0.jsonl.gz: OK
CCD-world-circle-NONE-s1.0-o-1000.0_1000.0-hz30-0.jsonl.gz: OK
CCD-world-circle-NONE-s1.0-o-1000.0_1000.0-hz60-0.jsonl.gz: OK
CCD-world-circle-NONE-s1.0-o-1000000.0_1000000.0-hz120-0.jsonl.gz: OK
CCD-world-circle-NONE-s1.0-o-1000000.0_1000000.0-hz30-0.jsonl.gz: OK
CCD-world-circle-NONE-s1.0-o-1000000.0_1000000.0-hz60-0.jsonl.gz: OK
CCD-world-circle-NONE-s1.0-o0.0_0.0-hz120-0.jsonl.gz: OK
CCD-world-circle-NONE-s1.0-o0.0_0.0-hz30-0.jsonl.gz: OK
CCD-world-circle-NONE-s1.0-o0.0_0.0-hz60-0.jsonl.gz: OK
CCD-world-circle-NONE-s1.0-o1000.0_1000.0-hz120-0.jsonl.gz: OK
CCD-world-circle-NONE-s1.0-o1000.0_1000.0-hz30-0.jsonl.gz: OK
CCD-world-circle-NONE-s1.0-o1000.0_1000.0-hz60-0.jsonl.gz: OK
CCD-world-circle-NONE-s1.0-o1000000.0_-1000000.0-hz120-0.jsonl.gz: OK
CCD-world-circle-NONE-s1.0-o1000000.0_-1000000.0-hz30-0.jsonl.gz: OK
CCD-world-circle-NONE-s1.0-o1000000.0_-1000000.0-hz60-0.jsonl.gz: OK
CCD-world-circle-NONE-s100.0-o-1000.0_1000.0-hz120-0.jsonl.gz: OK
CCD-world-circle-NONE-s100.0-o-1000.0_1000.0-hz30-0.jsonl.gz: OK
CCD-world-circle-NONE-s100.0-o-1000.0_1000.0-hz60-0.jsonl.gz: OK
CCD-world-circle-NONE-s100.0-o-1000000.0_1000000.0-hz120-0.jsonl.gz: OK
CCD-world-circle-NONE-s100.0-o-1000000.0_1000000.0-hz30-0.jsonl.gz: OK
CCD-world-circle-NONE-s100.0-o-1000000.0_1000000.0-hz60-0.jsonl.gz: OK
CCD-world-circle-NONE-s100.0-o0.0_0.0-hz120-0.jsonl.gz: OK
CCD-world-circle-NONE-s100.0-o0.0_0.0-hz30-0.jsonl.gz: OK
CCD-world-circle-NONE-s100.0-o0.0_0.0-hz60-0.jsonl.gz: OK
CCD-world-circle-NONE-s100.0-o1000.0_1000.0-hz120-0.jsonl.gz: OK
CCD-world-circle-NONE-s100.0-o1000.0_1000.0-hz30-0.jsonl.gz: OK
CCD-world-circle-NONE-s100.0-o1000.0_1000.0-hz60-0.jsonl.gz: OK
CCD-world-circle-NONE-s100.0-o1000000.0_-1000000.0-hz120-0.jsonl.gz: OK
CCD-world-circle-NONE-s100.0-o1000000.0_-1000000.0-hz30-0.jsonl.gz: OK
CCD-world-circle-NONE-s100.0-o1000000.0_-1000000.0-hz60-0.jsonl.gz: OK
CCD-world-pentagon-ALL-s0.01-o-1000.0_1000.0-hz120-0.jsonl.gz: OK
CCD-world-pentagon-ALL-s0.01-o-1000.0_1000.0-hz30-0.jsonl.gz: OK
CCD-world-pentagon-ALL-s0.01-o-1000.0_1000.0-hz60-0.jsonl.gz: OK
CCD-world-pentagon-ALL-s0.01-o-1000000.0_1000000.0-hz120-0.jsonl.gz: OK
CCD-world-pentagon-ALL-s0.01-o-1000000.0_1000000.0-hz30-0.jsonl.gz: OK
CCD-world-pentagon-ALL-s0.01-o-1000000.0_1000000.0-hz60-0.jsonl.gz: OK
CCD-world-pentagon-ALL-s0.01-o0.0_0.0-hz120-0.jsonl.gz: OK
CCD-world-pentagon-ALL-s0.01-o0.0_0.0-hz30-0.jsonl.gz: OK
CCD-world-pentagon-ALL-s0.01-o0.0_0.0-hz60-0.jsonl.gz: OK
CCD-world-pentagon-ALL-s0.01-o1000.0_1000.0-hz120-0.jsonl.gz: OK
CCD-world-pentagon-ALL-s0.01-o1000.0_1000.0-hz30-0.jsonl.gz: OK
CCD-world-pentagon-ALL-s0.01-o1000.0_1000.0-hz60-0.jsonl.gz: OK
CCD-world-pentagon-ALL-s0.01-o1000000.0_-1000000.0-hz120-0.jsonl.gz: OK
CCD-world-pentagon-ALL-s0.01-o1000000.0_-1000000.0-hz30-0.jsonl.gz: OK
CCD-world-pentagon-ALL-s0.01-o1000000.0_-1000000.0-hz60-0.jsonl.gz: OK
CCD-world-pentagon-ALL-s1.0-o-1000.0_1000.0-hz120-0.jsonl.gz: OK
CCD-world-pentagon-ALL-s1.0-o-1000.0_1000.0-hz30-0.jsonl.gz: OK
CCD-world-pentagon-ALL-s1.0-o-1000.0_1000.0-hz60-0.jsonl.gz: OK
CCD-world-pentagon-ALL-s1.0-o-1000000.0_1000000.0-hz120-0.jsonl.gz: OK
CCD-world-pentagon-ALL-s1.0-o-1000000.0_1000000.0-hz30-0.jsonl.gz: OK
CCD-world-pentagon-ALL-s1.0-o-1000000.0_1000000.0-hz60-0.jsonl.gz: OK
CCD-world-pentagon-ALL-s1.0-o0.0_0.0-hz120-0.jsonl.gz: OK
CCD-world-pentagon-ALL-s1.0-o0.0_0.0-hz30-0.jsonl.gz: OK
CCD-world-pentagon-ALL-s1.0-o0.0_0.0-hz60-0.jsonl.gz: OK
CCD-world-pentagon-ALL-s1.0-o1000.0_1000.0-hz120-0.jsonl.gz: OK
CCD-world-pentagon-ALL-s1.0-o1000.0_1000.0-hz30-0.jsonl.gz: OK
CCD-world-pentagon-ALL-s1.0-o1000.0_1000.0-hz60-0.jsonl.gz: OK
CCD-world-pentagon-ALL-s1.0-o1000000.0_-1000000.0-hz120-0.jsonl.gz: OK
CCD-world-pentagon-ALL-s1.0-o1000000.0_-1000000.0-hz30-0.jsonl.gz: OK
CCD-world-pentagon-ALL-s1.0-o1000000.0_-1000000.0-hz60-0.jsonl.gz: OK
CCD-world-pentagon-ALL-s100.0-o-1000.0_1000.0-hz120-0.jsonl.gz: OK
CCD-world-pentagon-ALL-s100.0-o-1000.0_1000.0-hz30-0.jsonl.gz: OK
CCD-world-pentagon-ALL-s100.0-o-1000.0_1000.0-hz60-0.jsonl.gz: OK
CCD-world-pentagon-ALL-s100.0-o-1000000.0_1000000.0-hz120-0.jsonl.gz: OK
CCD-world-pentagon-ALL-s100.0-o-1000000.0_1000000.0-hz30-0.jsonl.gz: OK
CCD-world-pentagon-ALL-s100.0-o-1000000.0_1000000.0-hz60-0.jsonl.gz: OK
CCD-world-pentagon-ALL-s100.0-o0.0_0.0-hz120-0.jsonl.gz: OK
CCD-world-pentagon-ALL-s100.0-o0.0_0.0-hz30-0.jsonl.gz: OK
CCD-world-pentagon-ALL-s100.0-o0.0_0.0-hz60-0.jsonl.gz: OK
CCD-world-pentagon-ALL-s100.0-o1000.0_1000.0-hz120-0.jsonl.gz: OK
CCD-world-pentagon-ALL-s100.0-o1000.0_1000.0-hz30-0.jsonl.gz: OK
CCD-world-pentagon-ALL-s100.0-o1000.0_1000.0-hz60-0.jsonl.gz: OK
CCD-world-pentagon-ALL-s100.0-o1000000.0_-1000000.0-hz120-0.jsonl.gz: OK
CCD-world-pentagon-ALL-s100.0-o1000000.0_-1000000.0-hz30-0.jsonl.gz: OK
CCD-world-pentagon-ALL-s100.0-o1000000.0_-1000000.0-hz60-0.jsonl.gz: OK
CCD-world-pentagon-NONE-s0.01-o-1000.0_1000.0-hz120-0.jsonl.gz: OK
CCD-world-pentagon-NONE-s0.01-o-1000.0_1000.0-hz30-0.jsonl.gz: OK
CCD-world-pentagon-NONE-s0.01-o-1000.0_1000.0-hz60-0.jsonl.gz: OK
CCD-world-pentagon-NONE-s0.01-o-1000000.0_1000000.0-hz120-0.jsonl.gz: OK
CCD-world-pentagon-NONE-s0.01-o-1000000.0_1000000.0-hz30-0.jsonl.gz: OK
CCD-world-pentagon-NONE-s0.01-o-1000000.0_1000000.0-hz60-0.jsonl.gz: OK
CCD-world-pentagon-NONE-s0.01-o0.0_0.0-hz120-0.jsonl.gz: OK
CCD-world-pentagon-NONE-s0.01-o0.0_0.0-hz30-0.jsonl.gz: OK
CCD-world-pentagon-NONE-s0.01-o0.0_0.0-hz60-0.jsonl.gz: OK
CCD-world-pentagon-NONE-s0.01-o1000.0_1000.0-hz120-0.jsonl.gz: OK
CCD-world-pentagon-NONE-s0.01-o1000.0_1000.0-hz30-0.jsonl.gz: OK
CCD-world-pentagon-NONE-s0.01-o1000.0_1000.0-hz60-0.jsonl.gz: OK
CCD-world-pentagon-NONE-s0.01-o1000000.0_-1000000.0-hz120-0.jsonl.gz: OK
CCD-world-pentagon-NONE-s0.01-o1000000.0_-1000000.0-hz30-0.jsonl.gz: OK
CCD-world-pentagon-NONE-s0.01-o1000000.0_-1000000.0-hz60-0.jsonl.gz: OK
CCD-world-pentagon-NONE-s1.0-o-1000.0_1000.0-hz120-0.jsonl.gz: OK
CCD-world-pentagon-NONE-s1.0-o-1000.0_1000.0-hz30-0.jsonl.gz: OK
CCD-world-pentagon-NONE-s1.0-o-1000.0_1000.0-hz60-0.jsonl.gz: OK
CCD-world-pentagon-NONE-s1.0-o-1000000.0_1000000.0-hz120-0.jsonl.gz: OK
CCD-world-pentagon-NONE-s1.0-o-1000000.0_1000000.0-hz30-0.jsonl.gz: OK
CCD-world-pentagon-NONE-s1.0-o-1000000.0_1000000.0-hz60-0.jsonl.gz: OK
CCD-world-pentagon-NONE-s1.0-o0.0_0.0-hz120-0.jsonl.gz: OK
CCD-world-pentagon-NONE-s1.0-o0.0_0.0-hz30-0.jsonl.gz: OK
CCD-world-pentagon-NONE-s1.0-o0.0_0.0-hz60-0.jsonl.gz: OK
CCD-world-pentagon-NONE-s1.0-o1000.0_1000.0-hz120-0.jsonl.gz: OK
CCD-world-pentagon-NONE-s1.0-o1000.0_1000.0-hz30-0.jsonl.gz: OK
CCD-world-pentagon-NONE-s1.0-o1000.0_1000.0-hz60-0.jsonl.gz: OK
CCD-world-pentagon-NONE-s1.0-o1000000.0_-1000000.0-hz120-0.jsonl.gz: OK
CCD-world-pentagon-NONE-s1.0-o1000000.0_-1000000.0-hz30-0.jsonl.gz: OK
CCD-world-pentagon-NONE-s1.0-o1000000.0_-1000000.0-hz60-0.jsonl.gz: OK
CCD-world-pentagon-NONE-s100.0-o-1000.0_1000.0-hz120-0.jsonl.gz: OK
CCD-world-pentagon-NONE-s100.0-o-1000.0_1000.0-hz30-0.jsonl.gz: OK
CCD-world-pentagon-NONE-s100.0-o-1000.0_1000.0-hz60-0.jsonl.gz: OK
CCD-world-pentagon-NONE-s100.0-o-1000000.0_1000000.0-hz120-0.jsonl.gz: OK
CCD-world-pentagon-NONE-s100.0-o-1000000.0_1000000.0-hz30-0.jsonl.gz: OK
CCD-world-pentagon-NONE-s100.0-o-1000000.0_1000000.0-hz60-0.jsonl.gz: OK
CCD-world-pentagon-NONE-s100.0-o0.0_0.0-hz120-0.jsonl.gz: OK
CCD-world-pentagon-NONE-s100.0-o0.0_0.0-hz30-0.jsonl.gz: OK
CCD-world-pentagon-NONE-s100.0-o0.0_0.0-hz60-0.jsonl.gz: OK
CCD-world-pentagon-NONE-s100.0-o1000.0_1000.0-hz120-0.jsonl.gz: OK
CCD-world-pentagon-NONE-s100.0-o1000.0_1000.0-hz30-0.jsonl.gz: OK
CCD-world-pentagon-NONE-s100.0-o1000.0_1000.0-hz60-0.jsonl.gz: OK
CCD-world-pentagon-NONE-s100.0-o1000000.0_-1000000.0-hz120-0.jsonl.gz: OK
CCD-world-pentagon-NONE-s100.0-o1000000.0_-1000000.0-hz30-0.jsonl.gz: OK
CCD-world-pentagon-NONE-s100.0-o1000000.0_-1000000.0-hz60-0.jsonl.gz: OK
F-integrator-damping0.0-s0.01-o-1000.0_1000.0-hz60-0.jsonl.gz: OK
F-integrator-damping0.0-s0.01-o-1000000.0_1000000.0-hz60-0.jsonl.gz: OK
F-integrator-damping0.0-s0.01-o0.0_0.0-hz60-0.jsonl.gz: OK
F-integrator-damping0.0-s0.01-o1000.0_1000.0-hz60-0.jsonl.gz: OK
F-integrator-damping0.0-s0.01-o1000000.0_-1000000.0-hz60-0.jsonl.gz: OK
F-integrator-damping0.0-s1.0-o-1000.0_1000.0-hz60-0.jsonl.gz: OK
F-integrator-damping0.0-s1.0-o-1000000.0_1000000.0-hz60-0.jsonl.gz: OK
F-integrator-damping0.0-s1.0-o0.0_0.0-hz60-0.jsonl.gz: OK
F-integrator-damping0.0-s1.0-o1000.0_1000.0-hz60-0.jsonl.gz: OK
F-integrator-damping0.0-s1.0-o1000000.0_-1000000.0-hz60-0.jsonl.gz: OK
F-integrator-damping0.0-s100.0-o-1000.0_1000.0-hz60-0.jsonl.gz: OK
F-integrator-damping0.0-s100.0-o-1000000.0_1000000.0-hz60-0.jsonl.gz: OK
F-integrator-damping0.0-s100.0-o0.0_0.0-hz60-0.jsonl.gz: OK
F-integrator-damping0.0-s100.0-o1000.0_1000.0-hz60-0.jsonl.gz: OK
F-integrator-damping0.0-s100.0-o1000000.0_-1000000.0-hz60-0.jsonl.gz: OK
F-integrator-damping0.1-s0.01-o-1000.0_1000.0-hz60-0.jsonl.gz: OK
F-integrator-damping0.1-s0.01-o-1000000.0_1000000.0-hz60-0.jsonl.gz: OK
F-integrator-damping0.1-s0.01-o0.0_0.0-hz60-0.jsonl.gz: OK
F-integrator-damping0.1-s0.01-o1000.0_1000.0-hz60-0.jsonl.gz: OK
F-integrator-damping0.1-s0.01-o1000000.0_-1000000.0-hz60-0.jsonl.gz: OK
F-integrator-damping0.1-s1.0-o-1000.0_1000.0-hz60-0.jsonl.gz: OK
F-integrator-damping0.1-s1.0-o-1000000.0_1000000.0-hz60-0.jsonl.gz: OK
F-integrator-damping0.1-s1.0-o0.0_0.0-hz60-0.jsonl.gz: OK
F-integrator-damping0.1-s1.0-o1000.0_1000.0-hz60-0.jsonl.gz: OK
F-integrator-damping0.1-s1.0-o1000000.0_-1000000.0-hz60-0.jsonl.gz: OK
F-integrator-damping0.1-s100.0-o-1000.0_1000.0-hz60-0.jsonl.gz: OK
F-integrator-damping0.1-s100.0-o-1000000.0_1000000.0-hz60-0.jsonl.gz: OK
F-integrator-damping0.1-s100.0-o0.0_0.0-hz60-0.jsonl.gz: OK
F-integrator-damping0.1-s100.0-o1000.0_1000.0-hz60-0.jsonl.gz: OK
F-integrator-damping0.1-s100.0-o1000000.0_-1000000.0-hz60-0.jsonl.gz: OK
L-free-s1.0-o0.0_0.0-hz60-0.jsonl.gz: OK
L-spring-damperfalse-s0.01-o-1000.0_1000.0-hz120-0.jsonl.gz: OK
L-spring-damperfalse-s0.01-o-1000.0_1000.0-hz30-0.jsonl.gz: OK
L-spring-damperfalse-s0.01-o-1000.0_1000.0-hz60-0.jsonl.gz: OK
L-spring-damperfalse-s0.01-o-1000000.0_1000000.0-hz120-0.jsonl.gz: OK
L-spring-damperfalse-s0.01-o-1000000.0_1000000.0-hz30-0.jsonl.gz: OK
L-spring-damperfalse-s0.01-o-1000000.0_1000000.0-hz60-0.jsonl.gz: OK
L-spring-damperfalse-s0.01-o0.0_0.0-hz120-0.jsonl.gz: OK
L-spring-damperfalse-s0.01-o0.0_0.0-hz30-0.jsonl.gz: OK
L-spring-damperfalse-s0.01-o0.0_0.0-hz60-0.jsonl.gz: OK
L-spring-damperfalse-s0.01-o1000.0_1000.0-hz120-0.jsonl.gz: OK
L-spring-damperfalse-s0.01-o1000.0_1000.0-hz30-0.jsonl.gz: OK
L-spring-damperfalse-s0.01-o1000.0_1000.0-hz60-0.jsonl.gz: OK
L-spring-damperfalse-s0.01-o1000000.0_-1000000.0-hz120-0.jsonl.gz: OK
L-spring-damperfalse-s0.01-o1000000.0_-1000000.0-hz30-0.jsonl.gz: OK
L-spring-damperfalse-s0.01-o1000000.0_-1000000.0-hz60-0.jsonl.gz: OK
L-spring-damperfalse-s1.0-o-1000.0_1000.0-hz120-0.jsonl.gz: OK
L-spring-damperfalse-s1.0-o-1000.0_1000.0-hz30-0.jsonl.gz: OK
L-spring-damperfalse-s1.0-o-1000.0_1000.0-hz60-0.jsonl.gz: OK
L-spring-damperfalse-s1.0-o-1000000.0_1000000.0-hz120-0.jsonl.gz: OK
L-spring-damperfalse-s1.0-o-1000000.0_1000000.0-hz30-0.jsonl.gz: OK
L-spring-damperfalse-s1.0-o-1000000.0_1000000.0-hz60-0.jsonl.gz: OK
L-spring-damperfalse-s1.0-o0.0_0.0-hz120-0.jsonl.gz: OK
L-spring-damperfalse-s1.0-o0.0_0.0-hz30-0.jsonl.gz: OK
L-spring-damperfalse-s1.0-o0.0_0.0-hz60-0.jsonl.gz: OK
L-spring-damperfalse-s1.0-o1000.0_1000.0-hz120-0.jsonl.gz: OK
L-spring-damperfalse-s1.0-o1000.0_1000.0-hz30-0.jsonl.gz: OK
L-spring-damperfalse-s1.0-o1000.0_1000.0-hz60-0.jsonl.gz: OK
L-spring-damperfalse-s1.0-o1000000.0_-1000000.0-hz120-0.jsonl.gz: OK
L-spring-damperfalse-s1.0-o1000000.0_-1000000.0-hz30-0.jsonl.gz: OK
L-spring-damperfalse-s1.0-o1000000.0_-1000000.0-hz60-0.jsonl.gz: OK
L-spring-damperfalse-s100.0-o-1000.0_1000.0-hz120-0.jsonl.gz: OK
L-spring-damperfalse-s100.0-o-1000.0_1000.0-hz30-0.jsonl.gz: OK
L-spring-damperfalse-s100.0-o-1000.0_1000.0-hz60-0.jsonl.gz: OK
L-spring-damperfalse-s100.0-o-1000000.0_1000000.0-hz120-0.jsonl.gz: OK
L-spring-damperfalse-s100.0-o-1000000.0_1000000.0-hz30-0.jsonl.gz: OK
L-spring-damperfalse-s100.0-o-1000000.0_1000000.0-hz60-0.jsonl.gz: OK
L-spring-damperfalse-s100.0-o0.0_0.0-hz120-0.jsonl.gz: OK
L-spring-damperfalse-s100.0-o0.0_0.0-hz30-0.jsonl.gz: OK
L-spring-damperfalse-s100.0-o0.0_0.0-hz60-0.jsonl.gz: OK
L-spring-damperfalse-s100.0-o1000.0_1000.0-hz120-0.jsonl.gz: OK
L-spring-damperfalse-s100.0-o1000.0_1000.0-hz30-0.jsonl.gz: OK
L-spring-damperfalse-s100.0-o1000.0_1000.0-hz60-0.jsonl.gz: OK
L-spring-damperfalse-s100.0-o1000000.0_-1000000.0-hz120-0.jsonl.gz: OK
L-spring-damperfalse-s100.0-o1000000.0_-1000000.0-hz30-0.jsonl.gz: OK
L-spring-damperfalse-s100.0-o1000000.0_-1000000.0-hz60-0.jsonl.gz: OK
L-spring-dampertrue-s0.01-o-1000.0_1000.0-hz120-0.jsonl.gz: OK
L-spring-dampertrue-s0.01-o-1000.0_1000.0-hz30-0.jsonl.gz: OK
L-spring-dampertrue-s0.01-o-1000.0_1000.0-hz60-0.jsonl.gz: OK
L-spring-dampertrue-s0.01-o-1000000.0_1000000.0-hz120-0.jsonl.gz: OK
L-spring-dampertrue-s0.01-o-1000000.0_1000000.0-hz30-0.jsonl.gz: OK
L-spring-dampertrue-s0.01-o-1000000.0_1000000.0-hz60-0.jsonl.gz: OK
L-spring-dampertrue-s0.01-o0.0_0.0-hz120-0.jsonl.gz: OK
L-spring-dampertrue-s0.01-o0.0_0.0-hz30-0.jsonl.gz: OK
L-spring-dampertrue-s0.01-o0.0_0.0-hz60-0.jsonl.gz: OK
L-spring-dampertrue-s0.01-o1000.0_1000.0-hz120-0.jsonl.gz: OK
L-spring-dampertrue-s0.01-o1000.0_1000.0-hz30-0.jsonl.gz: OK
L-spring-dampertrue-s0.01-o1000.0_1000.0-hz60-0.jsonl.gz: OK
L-spring-dampertrue-s0.01-o1000000.0_-1000000.0-hz120-0.jsonl.gz: OK
L-spring-dampertrue-s0.01-o1000000.0_-1000000.0-hz30-0.jsonl.gz: OK
L-spring-dampertrue-s0.01-o1000000.0_-1000000.0-hz60-0.jsonl.gz: OK
L-spring-dampertrue-s1.0-o-1000.0_1000.0-hz120-0.jsonl.gz: OK
L-spring-dampertrue-s1.0-o-1000.0_1000.0-hz30-0.jsonl.gz: OK
L-spring-dampertrue-s1.0-o-1000.0_1000.0-hz60-0.jsonl.gz: OK
L-spring-dampertrue-s1.0-o-1000000.0_1000000.0-hz120-0.jsonl.gz: OK
L-spring-dampertrue-s1.0-o-1000000.0_1000000.0-hz30-0.jsonl.gz: OK
L-spring-dampertrue-s1.0-o-1000000.0_1000000.0-hz60-0.jsonl.gz: OK
L-spring-dampertrue-s1.0-o0.0_0.0-hz120-0.jsonl.gz: OK
L-spring-dampertrue-s1.0-o0.0_0.0-hz30-0.jsonl.gz: OK
L-spring-dampertrue-s1.0-o0.0_0.0-hz60-0.jsonl.gz: OK
L-spring-dampertrue-s1.0-o1000.0_1000.0-hz120-0.jsonl.gz: OK
L-spring-dampertrue-s1.0-o1000.0_1000.0-hz30-0.jsonl.gz: OK
L-spring-dampertrue-s1.0-o1000.0_1000.0-hz60-0.jsonl.gz: OK
L-spring-dampertrue-s1.0-o1000000.0_-1000000.0-hz120-0.jsonl.gz: OK
L-spring-dampertrue-s1.0-o1000000.0_-1000000.0-hz30-0.jsonl.gz: OK
L-spring-dampertrue-s1.0-o1000000.0_-1000000.0-hz60-0.jsonl.gz: OK
L-spring-dampertrue-s100.0-o-1000.0_1000.0-hz120-0.jsonl.gz: OK
L-spring-dampertrue-s100.0-o-1000.0_1000.0-hz30-0.jsonl.gz: OK
L-spring-dampertrue-s100.0-o-1000.0_1000.0-hz60-0.jsonl.gz: OK
L-spring-dampertrue-s100.0-o-1000000.0_1000000.0-hz120-0.jsonl.gz: OK
L-spring-dampertrue-s100.0-o-1000000.0_1000000.0-hz30-0.jsonl.gz: OK
L-spring-dampertrue-s100.0-o-1000000.0_1000000.0-hz60-0.jsonl.gz: OK
L-spring-dampertrue-s100.0-o0.0_0.0-hz120-0.jsonl.gz: OK
L-spring-dampertrue-s100.0-o0.0_0.0-hz30-0.jsonl.gz: OK
L-spring-dampertrue-s100.0-o0.0_0.0-hz60-0.jsonl.gz: OK
L-spring-dampertrue-s100.0-o1000.0_1000.0-hz120-0.jsonl.gz: OK
L-spring-dampertrue-s100.0-o1000.0_1000.0-hz30-0.jsonl.gz: OK
L-spring-dampertrue-s100.0-o1000.0_1000.0-hz60-0.jsonl.gz: OK
L-spring-dampertrue-s100.0-o1000000.0_-1000000.0-hz120-0.jsonl.gz: OK
L-spring-dampertrue-s100.0-o1000000.0_-1000000.0-hz30-0.jsonl.gz: OK
L-spring-dampertrue-s100.0-o1000000.0_-1000000.0-hz60-0.jsonl.gz: OK
P-J-Angle-LimitsEnabled-false-0.jsonl.gz: OK
P-J-Angle-LimitsEnabled-toggle-0.jsonl.gz: OK
P-J-Angle-LimitsEnabled-true-0.jsonl.gz: OK
P-J-Angle-Ratio--1.0-0.jsonl.gz: OK
P-J-Angle-Ratio-0.5-0.jsonl.gz: OK
P-J-Angle-Ratio-1.0-0.jsonl.gz: OK
P-J-Angle-Ratio-2.0-0.jsonl.gz: OK
P-J-Angle-initial-0.jsonl.gz: OK
P-J-Angle-limits-equal-0.jsonl.gz: OK
P-J-Angle-limits-range-0.jsonl.gz: OK
P-J-Angle-ratio-limits-off--1.0-0.jsonl.gz: OK
P-J-Angle-ratio-limits-off-0.5-0.jsonl.gz: OK
P-J-Angle-ratio-limits-off-1.0-0.jsonl.gz: OK
P-J-Angle-ratio-limits-off-2.0-0.jsonl.gz: OK
P-J-Distance-LimitsEnabled-false-0.jsonl.gz: OK
P-J-Distance-LimitsEnabled-toggle-0.jsonl.gz: OK
P-J-Distance-LimitsEnabled-true-0.jsonl.gz: OK
P-J-Distance-LowerLimitEnabled-false-0.jsonl.gz: OK
P-J-Distance-LowerLimitEnabled-toggle-0.jsonl.gz: OK
P-J-Distance-LowerLimitEnabled-true-0.jsonl.gz: OK
P-J-Distance-MaximumSpringForce-0.0-0.jsonl.gz: OK
P-J-Distance-MaximumSpringForce-10.0-0.jsonl.gz: OK
P-J-Distance-MaximumSpringForce-1000.0-0.jsonl.gz: OK
P-J-Distance-MaximumSpringForceEnabled-false-0.jsonl.gz: OK
P-J-Distance-MaximumSpringForceEnabled-toggle-0.jsonl.gz: OK
P-J-Distance-MaximumSpringForceEnabled-true-0.jsonl.gz: OK
P-J-Distance-SpringDamperEnabled-false-0.jsonl.gz: OK
P-J-Distance-SpringDamperEnabled-toggle-0.jsonl.gz: OK
P-J-Distance-SpringDamperEnabled-true-0.jsonl.gz: OK
P-J-Distance-SpringDampingRatio-0.0-0.jsonl.gz: OK
P-J-Distance-SpringDampingRatio-0.2-0.jsonl.gz: OK
P-J-Distance-SpringDampingRatio-1.0-0.jsonl.gz: OK
P-J-Distance-SpringEnabled-false-0.jsonl.gz: OK
P-J-Distance-SpringEnabled-toggle-0.jsonl.gz: OK
P-J-Distance-SpringEnabled-true-0.jsonl.gz: OK
P-J-Distance-SpringFrequency-2.0-0.jsonl.gz: OK
P-J-Distance-SpringFrequency-8.0-0.jsonl.gz: OK
P-J-Distance-UpperLimitEnabled-false-0.jsonl.gz: OK
P-J-Distance-UpperLimitEnabled-toggle-0.jsonl.gz: OK
P-J-Distance-UpperLimitEnabled-true-0.jsonl.gz: OK
P-J-Distance-initial-0.jsonl.gz: OK
P-J-Distance-interaction-0.jsonl.gz: OK
P-J-Distance-limits-equal-0.jsonl.gz: OK
P-J-Distance-stiffness-from-2.0Hz-0x1.f019b59389d7bp6-0.jsonl.gz: OK
P-J-Distance-stiffness-from-8.0Hz-0x1.f019b59389d7bp10-0.jsonl.gz: OK
P-J-Friction-MaximumForce-0.0-0.jsonl.gz: OK
P-J-Friction-MaximumForce-10.0-0.jsonl.gz: OK
P-J-Friction-MaximumForce-1000.0-0.jsonl.gz: OK
P-J-Friction-MaximumTorque-0.0-0.jsonl.gz: OK
P-J-Friction-MaximumTorque-0.25-0.jsonl.gz: OK
P-J-Friction-MaximumTorque-10.0-0.jsonl.gz: OK
P-J-Friction-initial-0.jsonl.gz: OK
P-J-Motor-CorrectionFactor-0.0-0.jsonl.gz: OK
P-J-Motor-CorrectionFactor-0.3-0.jsonl.gz: OK
P-J-Motor-CorrectionFactor-1.0-0.jsonl.gz: OK
P-J-Motor-MaximumForce-0.0-0.jsonl.gz: OK
P-J-Motor-MaximumForce-10.0-0.jsonl.gz: OK
P-J-Motor-MaximumForce-1000.0-0.jsonl.gz: OK
P-J-Motor-MaximumTorque-0.0-0.jsonl.gz: OK
P-J-Motor-MaximumTorque-0.25-0.jsonl.gz: OK
P-J-Motor-MaximumTorque-10.0-0.jsonl.gz: OK
P-J-Motor-initial-0.jsonl.gz: OK
P-J-Motor-moving-angular-target-0.jsonl.gz: OK
P-J-Motor-moving-linear-target-0.jsonl.gz: OK
P-J-Pin-CorrectionFactor-0.0-0.jsonl.gz: OK
P-J-Pin-CorrectionFactor-0.3-0.jsonl.gz: OK
P-J-Pin-CorrectionFactor-1.0-0.jsonl.gz: OK
P-J-Pin-MaximumCorrectionForce-0.0-0.jsonl.gz: OK
P-J-Pin-MaximumCorrectionForce-10.0-0.jsonl.gz: OK
P-J-Pin-MaximumCorrectionForce-1000.0-0.jsonl.gz: OK
P-J-Pin-MaximumSpringForce-0.0-0.jsonl.gz: OK
P-J-Pin-MaximumSpringForce-10.0-0.jsonl.gz: OK
P-J-Pin-MaximumSpringForce-1000.0-0.jsonl.gz: OK
P-J-Pin-MaximumSpringForceEnabled-false-0.jsonl.gz: OK
P-J-Pin-MaximumSpringForceEnabled-toggle-0.jsonl.gz: OK
P-J-Pin-MaximumSpringForceEnabled-true-0.jsonl.gz: OK
P-J-Pin-SpringDamperEnabled-false-0.jsonl.gz: OK
P-J-Pin-SpringDamperEnabled-toggle-0.jsonl.gz: OK
P-J-Pin-SpringDamperEnabled-true-0.jsonl.gz: OK
P-J-Pin-SpringDampingRatio-0.0-0.jsonl.gz: OK
P-J-Pin-SpringDampingRatio-0.2-0.jsonl.gz: OK
P-J-Pin-SpringDampingRatio-1.0-0.jsonl.gz: OK
P-J-Pin-SpringEnabled-false-0.jsonl.gz: OK
P-J-Pin-SpringEnabled-toggle-0.jsonl.gz: OK
P-J-Pin-SpringEnabled-true-0.jsonl.gz: OK
P-J-Pin-SpringFrequency-2.0-0.jsonl.gz: OK
P-J-Pin-SpringFrequency-8.0-0.jsonl.gz: OK
P-J-Pin-initial-0.jsonl.gz: OK
P-J-Pin-moving-linear-target-0.jsonl.gz: OK
P-J-Pin-stiffness-from-2.0Hz-0x1.f019b59389d7bp7-0.jsonl.gz: OK
P-J-Pin-stiffness-from-8.0Hz-0x1.f019b59389d7bp11-0.jsonl.gz: OK
P-J-Prismatic-LimitsEnabled-false-0.jsonl.gz: OK
P-J-Prismatic-LimitsEnabled-toggle-0.jsonl.gz: OK
P-J-Prismatic-LimitsEnabled-true-0.jsonl.gz: OK
P-J-Prismatic-LowerLimitEnabled-false-0.jsonl.gz: OK
P-J-Prismatic-LowerLimitEnabled-toggle-0.jsonl.gz: OK
P-J-Prismatic-LowerLimitEnabled-true-0.jsonl.gz: OK
P-J-Prismatic-MaximumMotorForce-0.0-0.jsonl.gz: OK
P-J-Prismatic-MaximumMotorForce-10.0-0.jsonl.gz: OK
P-J-Prismatic-MaximumMotorForce-1000.0-0.jsonl.gz: OK
P-J-Prismatic-MaximumMotorForceEnabled-false-0.jsonl.gz: OK
P-J-Prismatic-MaximumMotorForceEnabled-toggle-0.jsonl.gz: OK
P-J-Prismatic-MaximumMotorForceEnabled-true-0.jsonl.gz: OK
P-J-Prismatic-MaximumSpringForce-0.0-0.jsonl.gz: OK
P-J-Prismatic-MaximumSpringForce-10.0-0.jsonl.gz: OK
P-J-Prismatic-MaximumSpringForce-1000.0-0.jsonl.gz: OK
P-J-Prismatic-MaximumSpringForceEnabled-false-0.jsonl.gz: OK
P-J-Prismatic-MaximumSpringForceEnabled-toggle-0.jsonl.gz: OK
P-J-Prismatic-MaximumSpringForceEnabled-true-0.jsonl.gz: OK
P-J-Prismatic-MotorEnabled-false-0.jsonl.gz: OK
P-J-Prismatic-MotorEnabled-toggle-0.jsonl.gz: OK
P-J-Prismatic-MotorEnabled-true-0.jsonl.gz: OK
P-J-Prismatic-MotorSpeed--1.0-0.jsonl.gz: OK
P-J-Prismatic-MotorSpeed-0.0-0.jsonl.gz: OK
P-J-Prismatic-MotorSpeed-1.0-0.jsonl.gz: OK
P-J-Prismatic-SpringDamperEnabled-false-0.jsonl.gz: OK
P-J-Prismatic-SpringDamperEnabled-toggle-0.jsonl.gz: OK
P-J-Prismatic-SpringDamperEnabled-true-0.jsonl.gz: OK
P-J-Prismatic-SpringDampingRatio-0.0-0.jsonl.gz: OK
P-J-Prismatic-SpringDampingRatio-0.2-0.jsonl.gz: OK
P-J-Prismatic-SpringDampingRatio-1.0-0.jsonl.gz: OK
P-J-Prismatic-SpringEnabled-false-0.jsonl.gz: OK
P-J-Prismatic-SpringEnabled-toggle-0.jsonl.gz: OK
P-J-Prismatic-SpringEnabled-true-0.jsonl.gz: OK
P-J-Prismatic-SpringFrequency-2.0-0.jsonl.gz: OK
P-J-Prismatic-SpringFrequency-8.0-0.jsonl.gz: OK
P-J-Prismatic-UpperLimitEnabled-false-0.jsonl.gz: OK
P-J-Prismatic-UpperLimitEnabled-toggle-0.jsonl.gz: OK
P-J-Prismatic-UpperLimitEnabled-true-0.jsonl.gz: OK
P-J-Prismatic-initial-0.jsonl.gz: OK
P-J-Prismatic-interaction-0.jsonl.gz: OK
P-J-Prismatic-limits-equal-0.jsonl.gz: OK
P-J-Prismatic-limits-range-0.jsonl.gz: OK
P-J-Prismatic-stiffness-from-2.0Hz-0x1.f019b59389d7bp6-0.jsonl.gz: OK
P-J-Prismatic-stiffness-from-8.0Hz-0x1.f019b59389d7bp10-0.jsonl.gz: OK
P-J-Pulley-Ratio-0.5-0.jsonl.gz: OK
P-J-Pulley-Ratio-1.0-0.jsonl.gz: OK
P-J-Pulley-Ratio-2.0-0.jsonl.gz: OK
P-J-Pulley-SlackEnabled-false-0.jsonl.gz: OK
P-J-Pulley-SlackEnabled-toggle-0.jsonl.gz: OK
P-J-Pulley-SlackEnabled-true-0.jsonl.gz: OK
P-J-Pulley-initial-0.jsonl.gz: OK
P-J-Revolute-LimitsEnabled-false-0.jsonl.gz: OK
P-J-Revolute-LimitsEnabled-toggle-0.jsonl.gz: OK
P-J-Revolute-LimitsEnabled-true-0.jsonl.gz: OK
P-J-Revolute-MaximumMotorTorque-0.0-0.jsonl.gz: OK
P-J-Revolute-MaximumMotorTorque-0.25-0.jsonl.gz: OK
P-J-Revolute-MaximumMotorTorque-10.0-0.jsonl.gz: OK
P-J-Revolute-MaximumMotorTorqueEnabled-false-0.jsonl.gz: OK
P-J-Revolute-MaximumMotorTorqueEnabled-toggle-0.jsonl.gz: OK
P-J-Revolute-MaximumMotorTorqueEnabled-true-0.jsonl.gz: OK
P-J-Revolute-MotorEnabled-false-0.jsonl.gz: OK
P-J-Revolute-MotorEnabled-toggle-0.jsonl.gz: OK
P-J-Revolute-MotorEnabled-true-0.jsonl.gz: OK
P-J-Revolute-MotorSpeed--1.5707963267948966-0.jsonl.gz: OK
P-J-Revolute-MotorSpeed-0.0-0.jsonl.gz: OK
P-J-Revolute-MotorSpeed-1.5707963267948966-0.jsonl.gz: OK
P-J-Revolute-initial-0.jsonl.gz: OK
P-J-Revolute-interaction-0.jsonl.gz: OK
P-J-Revolute-limits-equal-0.jsonl.gz: OK
P-J-Revolute-limits-range-0.jsonl.gz: OK
P-J-Weld-LimitsEnabled-false-0.jsonl.gz: OK
P-J-Weld-LimitsEnabled-toggle-0.jsonl.gz: OK
P-J-Weld-LimitsEnabled-true-0.jsonl.gz: OK
P-J-Weld-MaximumSpringTorque-0.0-0.jsonl.gz: OK
P-J-Weld-MaximumSpringTorque-0.25-0.jsonl.gz: OK
P-J-Weld-MaximumSpringTorque-10.0-0.jsonl.gz: OK
P-J-Weld-MaximumSpringTorqueEnabled-false-0.jsonl.gz: OK
P-J-Weld-MaximumSpringTorqueEnabled-toggle-0.jsonl.gz: OK
P-J-Weld-MaximumSpringTorqueEnabled-true-0.jsonl.gz: OK
P-J-Weld-SpringDamperEnabled-false-0.jsonl.gz: OK
P-J-Weld-SpringDamperEnabled-toggle-0.jsonl.gz: OK
P-J-Weld-SpringDamperEnabled-true-0.jsonl.gz: OK
P-J-Weld-SpringDampingRatio-0.0-0.jsonl.gz: OK
P-J-Weld-SpringDampingRatio-0.2-0.jsonl.gz: OK
P-J-Weld-SpringDampingRatio-1.0-0.jsonl.gz: OK
P-J-Weld-SpringEnabled-false-0.jsonl.gz: OK
P-J-Weld-SpringEnabled-toggle-0.jsonl.gz: OK
P-J-Weld-SpringEnabled-true-0.jsonl.gz: OK
P-J-Weld-SpringFrequency-2.0-0.jsonl.gz: OK
P-J-Weld-SpringFrequency-8.0-0.jsonl.gz: OK
P-J-Weld-initial-0.jsonl.gz: OK
P-J-Weld-interaction-0.jsonl.gz: OK
P-J-Weld-limits-equal-0.jsonl.gz: OK
P-J-Weld-limits-range-0.jsonl.gz: OK
P-J-Weld-stiffness-from-2.0Hz-0x1.07307fd73e4e4p3-0.jsonl.gz: OK
P-J-Weld-stiffness-from-8.0Hz-0x1.07307fd73e4e4p7-0.jsonl.gz: OK
P-J-Wheel-LimitsEnabled-false-0.jsonl.gz: OK
P-J-Wheel-LimitsEnabled-toggle-0.jsonl.gz: OK
P-J-Wheel-LimitsEnabled-true-0.jsonl.gz: OK
P-J-Wheel-LowerLimitEnabled-false-0.jsonl.gz: OK
P-J-Wheel-LowerLimitEnabled-toggle-0.jsonl.gz: OK
P-J-Wheel-LowerLimitEnabled-true-0.jsonl.gz: OK
P-J-Wheel-MaximumMotorTorque-0.0-0.jsonl.gz: OK
P-J-Wheel-MaximumMotorTorque-0.25-0.jsonl.gz: OK
P-J-Wheel-MaximumMotorTorque-10.0-0.jsonl.gz: OK
P-J-Wheel-MaximumMotorTorqueEnabled-false-0.jsonl.gz: OK
P-J-Wheel-MaximumMotorTorqueEnabled-toggle-0.jsonl.gz: OK
P-J-Wheel-MaximumMotorTorqueEnabled-true-0.jsonl.gz: OK
P-J-Wheel-MaximumSpringForce-0.0-0.jsonl.gz: OK
P-J-Wheel-MaximumSpringForce-10.0-0.jsonl.gz: OK
P-J-Wheel-MaximumSpringForce-1000.0-0.jsonl.gz: OK
P-J-Wheel-MaximumSpringForceEnabled-false-0.jsonl.gz: OK
P-J-Wheel-MaximumSpringForceEnabled-toggle-0.jsonl.gz: OK
P-J-Wheel-MaximumSpringForceEnabled-true-0.jsonl.gz: OK
P-J-Wheel-MotorEnabled-false-0.jsonl.gz: OK
P-J-Wheel-MotorEnabled-toggle-0.jsonl.gz: OK
P-J-Wheel-MotorEnabled-true-0.jsonl.gz: OK
P-J-Wheel-MotorSpeed--1.5707963267948966-0.jsonl.gz: OK
P-J-Wheel-MotorSpeed-0.0-0.jsonl.gz: OK
P-J-Wheel-MotorSpeed-1.5707963267948966-0.jsonl.gz: OK
P-J-Wheel-SpringDamperEnabled-false-0.jsonl.gz: OK
P-J-Wheel-SpringDamperEnabled-toggle-0.jsonl.gz: OK
P-J-Wheel-SpringDamperEnabled-true-0.jsonl.gz: OK
P-J-Wheel-SpringDampingRatio-0.0-0.jsonl.gz: OK
P-J-Wheel-SpringDampingRatio-0.2-0.jsonl.gz: OK
P-J-Wheel-SpringDampingRatio-1.0-0.jsonl.gz: OK
P-J-Wheel-SpringEnabled-false-0.jsonl.gz: OK
P-J-Wheel-SpringEnabled-toggle-0.jsonl.gz: OK
P-J-Wheel-SpringEnabled-true-0.jsonl.gz: OK
P-J-Wheel-SpringFrequency-2.0-0.jsonl.gz: OK
P-J-Wheel-SpringFrequency-8.0-0.jsonl.gz: OK
P-J-Wheel-UpperLimitEnabled-false-0.jsonl.gz: OK
P-J-Wheel-UpperLimitEnabled-toggle-0.jsonl.gz: OK
P-J-Wheel-UpperLimitEnabled-true-0.jsonl.gz: OK
P-J-Wheel-initial-0.jsonl.gz: OK
P-J-Wheel-interaction-0.jsonl.gz: OK
P-J-Wheel-limits-equal-0.jsonl.gz: OK
P-J-Wheel-limits-range-0.jsonl.gz: OK
P-J-Wheel-stiffness-from-2.0Hz-0x1.f019b59389d7bp6-0.jsonl.gz: OK
P-J-Wheel-stiffness-from-8.0Hz-0x1.f019b59389d7bp10-0.jsonl.gz: OK
U-AngleJointSimulationTest.simpleLinkage-0.jsonl.gz: OK
U-AngleJointSimulationTest.simpleLinkage-1.jsonl.gz: OK
U-AngleJointSimulationTest.simpleLinkage-2.jsonl.gz: OK
U-AngleJointSimulationTest.withLimitsHitLower-0.jsonl.gz: OK
U-AngleJointSimulationTest.withLimitsHitLower-40.jsonl.gz: OK
U-AngleJointSimulationTest.withLimitsHitUpper-0.jsonl.gz: OK
U-AngleJointSimulationTest.withLimitsHitUpper-40.jsonl.gz: OK
U-DistanceJointSimulationTest.fixedDistance-0.jsonl.gz: OK
U-DistanceJointSimulationTest.limits-0.jsonl.gz: OK
U-DistanceJointSimulationTest.limits-1.jsonl.gz: OK
U-DistanceJointSimulationTest.limits-2.jsonl.gz: OK
U-DistanceJointSimulationTest.limits-3.jsonl.gz: OK
U-DistanceJointSimulationTest.limits-4.jsonl.gz: OK
U-DistanceJointSimulationTest.limitsWithSpring-0.jsonl.gz: OK
U-DistanceJointSimulationTest.lowerLimitWithSpring-0.jsonl.gz: OK
U-DistanceJointSimulationTest.springOnly-0.jsonl.gz: OK
U-DistanceJointSimulationTest.springWithMaxForce-0.jsonl.gz: OK
U-DistanceJointSimulationTest.springWithMaxForce-1.jsonl.gz: OK
U-DistanceJointSimulationTest.upperLimitWithSpring-0.jsonl.gz: OK
U-ForceSimulationTest.applyTimed-0.jsonl.gz: OK
U-ForceSimulationTest.applyTimed-1.jsonl.gz: OK
U-FrictionJointSimulationTest.simulationWithLargeForceTorqueMaximums-0.jsonl.gz: OK
U-FrictionJointSimulationTest.simulationWithLargeForceTorqueMaximums-1.jsonl.gz: OK
U-FrictionJointSimulationTest.simulationWithLowForceTorqueMaximums-0.jsonl.gz: OK
U-FrictionJointSimulationTest.simulationWithLowForceTorqueMaximums-1.jsonl.gz: OK
U-FrictionJointSimulationTest.simulationWithLowForceTorqueMaximums-10.jsonl.gz: OK
U-FrictionJointSimulationTest.simulationWithLowForceTorqueMaximums-11.jsonl.gz: OK
U-FrictionJointSimulationTest.simulationWithLowForceTorqueMaximums-12.jsonl.gz: OK
U-FrictionJointSimulationTest.simulationWithLowForceTorqueMaximums-13.jsonl.gz: OK
U-FrictionJointSimulationTest.simulationWithLowForceTorqueMaximums-14.jsonl.gz: OK
U-FrictionJointSimulationTest.simulationWithLowForceTorqueMaximums-15.jsonl.gz: OK
U-FrictionJointSimulationTest.simulationWithLowForceTorqueMaximums-16.jsonl.gz: OK
U-FrictionJointSimulationTest.simulationWithLowForceTorqueMaximums-17.jsonl.gz: OK
U-FrictionJointSimulationTest.simulationWithLowForceTorqueMaximums-18.jsonl.gz: OK
U-FrictionJointSimulationTest.simulationWithLowForceTorqueMaximums-19.jsonl.gz: OK
U-FrictionJointSimulationTest.simulationWithLowForceTorqueMaximums-2.jsonl.gz: OK
U-FrictionJointSimulationTest.simulationWithLowForceTorqueMaximums-20.jsonl.gz: OK
U-FrictionJointSimulationTest.simulationWithLowForceTorqueMaximums-21.jsonl.gz: OK
U-FrictionJointSimulationTest.simulationWithLowForceTorqueMaximums-22.jsonl.gz: OK
U-FrictionJointSimulationTest.simulationWithLowForceTorqueMaximums-23.jsonl.gz: OK
U-FrictionJointSimulationTest.simulationWithLowForceTorqueMaximums-3.jsonl.gz: OK
U-FrictionJointSimulationTest.simulationWithLowForceTorqueMaximums-4.jsonl.gz: OK
U-FrictionJointSimulationTest.simulationWithLowForceTorqueMaximums-5.jsonl.gz: OK
U-FrictionJointSimulationTest.simulationWithLowForceTorqueMaximums-6.jsonl.gz: OK
U-FrictionJointSimulationTest.simulationWithLowForceTorqueMaximums-7.jsonl.gz: OK
U-FrictionJointSimulationTest.simulationWithLowForceTorqueMaximums-8.jsonl.gz: OK
U-FrictionJointSimulationTest.simulationWithLowForceTorqueMaximums-9.jsonl.gz: OK
U-MotorJointSimulationTest.simple-0.jsonl.gz: OK
U-MotorJointSimulationTest.simple-25.jsonl.gz: OK
U-MotorJointSimulationTest.simple-30.jsonl.gz: OK
U-PinJointSimulationTest.fixedLinearVelocity-0.jsonl.gz: OK
U-PinJointSimulationTest.noSpringDamper-0.jsonl.gz: OK
U-PrismaticJointSimulationTest.limits-0.jsonl.gz: OK
U-PrismaticJointSimulationTest.limits-1.jsonl.gz: OK
U-PrismaticJointSimulationTest.limits-2.jsonl.gz: OK
U-PrismaticJointSimulationTest.motorWithAndWithoutLimits-0.jsonl.gz: OK
U-PrismaticJointSimulationTest.motorWithAndWithoutLimits-1.jsonl.gz: OK
U-PrismaticJointSimulationTest.motorWithAndWithoutLimits-12.jsonl.gz: OK
U-PrismaticJointSimulationTest.motorWithAndWithoutLimits-13.jsonl.gz: OK
U-PrismaticJointSimulationTest.motorWithAndWithoutLimits-2.jsonl.gz: OK
U-PrismaticJointSimulationTest.noLimitsNoMotor-0.jsonl.gz: OK
U-PrismaticJointSimulationTest.noLimitsNoMotor-12.jsonl.gz: OK
U-PrismaticJointSimulationTest.noLimitsNoMotor-4.jsonl.gz: OK
U-PrismaticJointSimulationTest.noLimitsNoMotor-8.jsonl.gz: OK
U-PrismaticJointSimulationTest.springOnly-0.jsonl.gz: OK
U-PulleyJointSimulationTest.simpleLinkage-0.jsonl.gz: OK
U-PulleyJointSimulationTest.simpleLinkage-1.jsonl.gz: OK
U-PulleyJointSimulationTest.simpleLinkage-2.jsonl.gz: OK
U-PulleyJointSimulationTest.withAndWithoutSlack-0.jsonl.gz: OK
U-PulleyJointSimulationTest.withAndWithoutSlack-1.jsonl.gz: OK
U-PulleyJointSimulationTest.withAndWithoutSlack-3.jsonl.gz: OK
U-RevoluteJointSimulationTest.limits-0.jsonl.gz: OK
U-RevoluteJointSimulationTest.limits-1.jsonl.gz: OK
U-RevoluteJointSimulationTest.limits-2.jsonl.gz: OK
U-RevoluteJointSimulationTest.motorWithAndWithoutLimits-0.jsonl.gz: OK
U-RevoluteJointSimulationTest.motorWithAndWithoutLimits-1.jsonl.gz: OK
U-RevoluteJointSimulationTest.motorWithAndWithoutLimits-31.jsonl.gz: OK
U-RevoluteJointSimulationTest.motorWithAndWithoutLimits-32.jsonl.gz: OK
U-RevoluteJointSimulationTest.noLimitsNoMotor-0.jsonl.gz: OK
U-RevoluteJointSimulationTest.noLimitsNoMotor-12.jsonl.gz: OK
U-RevoluteJointSimulationTest.noLimitsNoMotor-4.jsonl.gz: OK
U-RevoluteJointSimulationTest.noLimitsNoMotor-8.jsonl.gz: OK
U-TorqueSimulationTest.applyTimed-0.jsonl.gz: OK
U-TorqueSimulationTest.applyTimed-1.jsonl.gz: OK
U-WeldJointSimulationTest.softConstraint-0.jsonl.gz: OK
U-WeldJointSimulationTest.softConstraint-1.jsonl.gz: OK
U-WeldJointSimulationTest.softConstraint-21.jsonl.gz: OK
U-WeldJointSimulationTest.softConstraintWithLimitsLower-0.jsonl.gz: OK
U-WeldJointSimulationTest.softConstraintWithLimitsUpper-0.jsonl.gz: OK
U-WeldJointSimulationTest.standard-0.jsonl.gz: OK
U-WeldJointSimulationTest.standard-12.jsonl.gz: OK
U-WeldJointSimulationTest.standard-4.jsonl.gz: OK
U-WeldJointSimulationTest.standard-8.jsonl.gz: OK
U-WheelJointSimulationTest.limitsOnly-0.jsonl.gz: OK
U-WheelJointSimulationTest.limitsOnly-111.jsonl.gz: OK
U-WheelJointSimulationTest.limitsOnly-30.jsonl.gz: OK
U-WheelJointSimulationTest.limitsOnly-60.jsonl.gz: OK
U-WheelJointSimulationTest.limitsOnly-61.jsonl.gz: OK
U-WheelJointSimulationTest.motorOnly-0.jsonl.gz: OK
U-WheelJointSimulationTest.noLimitsNoMotor-0.jsonl.gz: OK
U-WheelJointSimulationTest.noLimitsNoMotor-12.jsonl.gz: OK
U-WheelJointSimulationTest.noLimitsNoMotor-4.jsonl.gz: OK
U-WheelJointSimulationTest.noLimitsNoMotor-8.jsonl.gz: OK
U-WheelJointSimulationTest.springDamperWithLimits-0.jsonl.gz: OK
U-WheelJointSimulationTest.springDamperWithLimits-20.jsonl.gz: OK
U-WheelJointSimulationTest.springDamperWithLimits-22.jsonl.gz: OK
U-WheelJointSimulationTest.springDamperWithLimits-24.jsonl.gz: OK
U-scale-fixedDistance-0.01--1000.0-1000.0-0.jsonl.gz: OK
U-scale-fixedDistance-0.01--1000000.0-1000000.0-0.jsonl.gz: OK
U-scale-fixedDistance-0.01-0.0-0.0-0.jsonl.gz: OK
U-scale-fixedDistance-0.01-1000.0-1000.0-0.jsonl.gz: OK
U-scale-fixedDistance-0.01-1000000.0--1000000.0-0.jsonl.gz: OK
U-scale-fixedDistance-1.0--1000.0-1000.0-0.jsonl.gz: OK
U-scale-fixedDistance-1.0--1000000.0-1000000.0-0.jsonl.gz: OK
U-scale-fixedDistance-1.0-0.0-0.0-0.jsonl.gz: OK
U-scale-fixedDistance-1.0-1000.0-1000.0-0.jsonl.gz: OK
U-scale-fixedDistance-1.0-1000000.0--1000000.0-0.jsonl.gz: OK
U-scale-fixedDistance-100.0--1000.0-1000.0-0.jsonl.gz: OK
U-scale-fixedDistance-100.0--1000000.0-1000000.0-0.jsonl.gz: OK
U-scale-fixedDistance-100.0-0.0-0.0-0.jsonl.gz: OK
U-scale-fixedDistance-100.0-1000.0-1000.0-0.jsonl.gz: OK
U-scale-fixedDistance-100.0-1000000.0--1000000.0-0.jsonl.gz: OK
U-scale-motorWithAndWithoutLimits-0.01--1000.0-1000.0-0.jsonl.gz: OK
U-scale-motorWithAndWithoutLimits-0.01--1000.0-1000.0-1.jsonl.gz: OK
U-scale-motorWithAndWithoutLimits-0.01--1000.0-1000.0-31.jsonl.gz: OK
U-scale-motorWithAndWithoutLimits-0.01--1000.0-1000.0-32.jsonl.gz: OK
U-scale-motorWithAndWithoutLimits-0.01--1000000.0-1000000.0-0.jsonl.gz: OK
U-scale-motorWithAndWithoutLimits-0.01--1000000.0-1000000.0-1.jsonl.gz: OK
U-scale-motorWithAndWithoutLimits-0.01--1000000.0-1000000.0-31.jsonl.gz: OK
U-scale-motorWithAndWithoutLimits-0.01--1000000.0-1000000.0-32.jsonl.gz: OK
U-scale-motorWithAndWithoutLimits-0.01-0.0-0.0-0.jsonl.gz: OK
U-scale-motorWithAndWithoutLimits-0.01-0.0-0.0-1.jsonl.gz: OK
U-scale-motorWithAndWithoutLimits-0.01-0.0-0.0-31.jsonl.gz: OK
U-scale-motorWithAndWithoutLimits-0.01-0.0-0.0-32.jsonl.gz: OK
U-scale-motorWithAndWithoutLimits-0.01-1000.0-1000.0-0.jsonl.gz: OK
U-scale-motorWithAndWithoutLimits-0.01-1000.0-1000.0-1.jsonl.gz: OK
U-scale-motorWithAndWithoutLimits-0.01-1000.0-1000.0-31.jsonl.gz: OK
U-scale-motorWithAndWithoutLimits-0.01-1000.0-1000.0-32.jsonl.gz: OK
U-scale-motorWithAndWithoutLimits-0.01-1000000.0--1000000.0-0.jsonl.gz: OK
U-scale-motorWithAndWithoutLimits-0.01-1000000.0--1000000.0-1.jsonl.gz: OK
U-scale-motorWithAndWithoutLimits-0.01-1000000.0--1000000.0-31.jsonl.gz: OK
U-scale-motorWithAndWithoutLimits-0.01-1000000.0--1000000.0-32.jsonl.gz: OK
U-scale-motorWithAndWithoutLimits-1.0--1000.0-1000.0-0.jsonl.gz: OK
U-scale-motorWithAndWithoutLimits-1.0--1000.0-1000.0-1.jsonl.gz: OK
U-scale-motorWithAndWithoutLimits-1.0--1000.0-1000.0-31.jsonl.gz: OK
U-scale-motorWithAndWithoutLimits-1.0--1000.0-1000.0-32.jsonl.gz: OK
U-scale-motorWithAndWithoutLimits-1.0--1000000.0-1000000.0-0.jsonl.gz: OK
U-scale-motorWithAndWithoutLimits-1.0--1000000.0-1000000.0-1.jsonl.gz: OK
U-scale-motorWithAndWithoutLimits-1.0--1000000.0-1000000.0-31.jsonl.gz: OK
U-scale-motorWithAndWithoutLimits-1.0--1000000.0-1000000.0-32.jsonl.gz: OK
U-scale-motorWithAndWithoutLimits-1.0-0.0-0.0-0.jsonl.gz: OK
U-scale-motorWithAndWithoutLimits-1.0-0.0-0.0-1.jsonl.gz: OK
U-scale-motorWithAndWithoutLimits-1.0-0.0-0.0-31.jsonl.gz: OK
U-scale-motorWithAndWithoutLimits-1.0-0.0-0.0-32.jsonl.gz: OK
U-scale-motorWithAndWithoutLimits-1.0-1000.0-1000.0-0.jsonl.gz: OK
U-scale-motorWithAndWithoutLimits-1.0-1000.0-1000.0-1.jsonl.gz: OK
U-scale-motorWithAndWithoutLimits-1.0-1000.0-1000.0-31.jsonl.gz: OK
U-scale-motorWithAndWithoutLimits-1.0-1000.0-1000.0-32.jsonl.gz: OK
U-scale-motorWithAndWithoutLimits-1.0-1000000.0--1000000.0-0.jsonl.gz: OK
U-scale-motorWithAndWithoutLimits-1.0-1000000.0--1000000.0-1.jsonl.gz: OK
U-scale-motorWithAndWithoutLimits-1.0-1000000.0--1000000.0-31.jsonl.gz: OK
U-scale-motorWithAndWithoutLimits-1.0-1000000.0--1000000.0-32.jsonl.gz: OK
U-scale-motorWithAndWithoutLimits-100.0--1000.0-1000.0-0.jsonl.gz: OK
U-scale-motorWithAndWithoutLimits-100.0--1000.0-1000.0-1.jsonl.gz: OK
U-scale-motorWithAndWithoutLimits-100.0--1000.0-1000.0-31.jsonl.gz: OK
U-scale-motorWithAndWithoutLimits-100.0--1000.0-1000.0-32.jsonl.gz: OK
U-scale-motorWithAndWithoutLimits-100.0--1000000.0-1000000.0-0.jsonl.gz: OK
U-scale-motorWithAndWithoutLimits-100.0--1000000.0-1000000.0-1.jsonl.gz: OK
U-scale-motorWithAndWithoutLimits-100.0--1000000.0-1000000.0-31.jsonl.gz: OK
U-scale-motorWithAndWithoutLimits-100.0--1000000.0-1000000.0-32.jsonl.gz: OK
U-scale-motorWithAndWithoutLimits-100.0-0.0-0.0-0.jsonl.gz: OK
U-scale-motorWithAndWithoutLimits-100.0-0.0-0.0-1.jsonl.gz: OK
U-scale-motorWithAndWithoutLimits-100.0-0.0-0.0-31.jsonl.gz: OK
U-scale-motorWithAndWithoutLimits-100.0-0.0-0.0-32.jsonl.gz: OK
U-scale-motorWithAndWithoutLimits-100.0-1000.0-1000.0-0.jsonl.gz: OK
U-scale-motorWithAndWithoutLimits-100.0-1000.0-1000.0-1.jsonl.gz: OK
U-scale-motorWithAndWithoutLimits-100.0-1000.0-1000.0-31.jsonl.gz: OK
U-scale-motorWithAndWithoutLimits-100.0-1000.0-1000.0-32.jsonl.gz: OK
U-scale-motorWithAndWithoutLimits-100.0-1000000.0--1000000.0-0.jsonl.gz: OK
U-scale-motorWithAndWithoutLimits-100.0-1000000.0--1000000.0-1.jsonl.gz: OK
U-scale-motorWithAndWithoutLimits-100.0-1000000.0--1000000.0-31.jsonl.gz: OK
U-scale-motorWithAndWithoutLimits-100.0-1000000.0--1000000.0-32.jsonl.gz: OK
C-bounce-e0.0-s0.01-o-1000.0_1000.0-hz120-0.jsonl.gz: OK
C-bounce-e0.0-s0.01-o-1000.0_1000.0-hz30-0.jsonl.gz: OK
C-bounce-e0.0-s0.01-o-1000.0_1000.0-hz60-0.jsonl.gz: OK
C-bounce-e0.0-s0.01-o-1000000.0_1000000.0-hz120-0.jsonl.gz: OK
C-bounce-e0.0-s0.01-o-1000000.0_1000000.0-hz30-0.jsonl.gz: OK
C-bounce-e0.0-s0.01-o-1000000.0_1000000.0-hz60-0.jsonl.gz: OK
C-bounce-e0.0-s0.01-o0.0_0.0-hz120-0.jsonl.gz: OK
C-bounce-e0.0-s0.01-o0.0_0.0-hz30-0.jsonl.gz: OK
C-bounce-e0.0-s0.01-o0.0_0.0-hz60-0.jsonl.gz: OK
C-bounce-e0.0-s0.01-o1000.0_1000.0-hz120-0.jsonl.gz: OK
C-bounce-e0.0-s0.01-o1000.0_1000.0-hz30-0.jsonl.gz: OK
C-bounce-e0.0-s0.01-o1000.0_1000.0-hz60-0.jsonl.gz: OK
C-bounce-e0.0-s0.01-o1000000.0_-1000000.0-hz120-0.jsonl.gz: OK
C-bounce-e0.0-s0.01-o1000000.0_-1000000.0-hz30-0.jsonl.gz: OK
C-bounce-e0.0-s0.01-o1000000.0_-1000000.0-hz60-0.jsonl.gz: OK
C-bounce-e0.0-s1.0-o-1000.0_1000.0-hz120-0.jsonl.gz: OK
C-bounce-e0.0-s1.0-o-1000.0_1000.0-hz30-0.jsonl.gz: OK
C-bounce-e0.0-s1.0-o-1000.0_1000.0-hz60-0.jsonl.gz: OK
C-bounce-e0.0-s1.0-o-1000000.0_1000000.0-hz120-0.jsonl.gz: OK
C-bounce-e0.0-s1.0-o-1000000.0_1000000.0-hz30-0.jsonl.gz: OK
C-bounce-e0.0-s1.0-o-1000000.0_1000000.0-hz60-0.jsonl.gz: OK
C-bounce-e0.0-s1.0-o0.0_0.0-hz120-0.jsonl.gz: OK
C-bounce-e0.0-s1.0-o0.0_0.0-hz30-0.jsonl.gz: OK
C-bounce-e0.0-s1.0-o0.0_0.0-hz60-0.jsonl.gz: OK
C-bounce-e0.0-s1.0-o1000.0_1000.0-hz120-0.jsonl.gz: OK
C-bounce-e0.0-s1.0-o1000.0_1000.0-hz30-0.jsonl.gz: OK
C-bounce-e0.0-s1.0-o1000.0_1000.0-hz60-0.jsonl.gz: OK
C-bounce-e0.0-s1.0-o1000000.0_-1000000.0-hz120-0.jsonl.gz: OK
C-bounce-e0.0-s1.0-o1000000.0_-1000000.0-hz30-0.jsonl.gz: OK
C-bounce-e0.0-s1.0-o1000000.0_-1000000.0-hz60-0.jsonl.gz: OK
C-bounce-e0.0-s100.0-o-1000.0_1000.0-hz120-0.jsonl.gz: OK
C-bounce-e0.0-s100.0-o-1000.0_1000.0-hz30-0.jsonl.gz: OK
C-bounce-e0.0-s100.0-o-1000.0_1000.0-hz60-0.jsonl.gz: OK
C-bounce-e0.0-s100.0-o-1000000.0_1000000.0-hz120-0.jsonl.gz: OK
C-bounce-e0.0-s100.0-o-1000000.0_1000000.0-hz30-0.jsonl.gz: OK
C-bounce-e0.0-s100.0-o-1000000.0_1000000.0-hz60-0.jsonl.gz: OK
C-bounce-e0.0-s100.0-o0.0_0.0-hz120-0.jsonl.gz: OK
C-bounce-e0.0-s100.0-o0.0_0.0-hz30-0.jsonl.gz: OK
C-bounce-e0.0-s100.0-o0.0_0.0-hz60-0.jsonl.gz: OK
C-bounce-e0.0-s100.0-o1000.0_1000.0-hz120-0.jsonl.gz: OK
C-bounce-e0.0-s100.0-o1000.0_1000.0-hz30-0.jsonl.gz: OK
C-bounce-e0.0-s100.0-o1000.0_1000.0-hz60-0.jsonl.gz: OK
C-bounce-e0.0-s100.0-o1000000.0_-1000000.0-hz120-0.jsonl.gz: OK
C-bounce-e0.0-s100.0-o1000000.0_-1000000.0-hz30-0.jsonl.gz: OK
C-bounce-e0.0-s100.0-o1000000.0_-1000000.0-hz60-0.jsonl.gz: OK
C-bounce-e0.5-s0.01-o-1000.0_1000.0-hz120-0.jsonl.gz: OK
C-bounce-e0.5-s0.01-o-1000.0_1000.0-hz30-0.jsonl.gz: OK
C-bounce-e0.5-s0.01-o-1000.0_1000.0-hz60-0.jsonl.gz: OK
C-bounce-e0.5-s0.01-o-1000000.0_1000000.0-hz120-0.jsonl.gz: OK
C-bounce-e0.5-s0.01-o-1000000.0_1000000.0-hz30-0.jsonl.gz: OK
C-bounce-e0.5-s0.01-o-1000000.0_1000000.0-hz60-0.jsonl.gz: OK
C-bounce-e0.5-s0.01-o0.0_0.0-hz120-0.jsonl.gz: OK
C-bounce-e0.5-s0.01-o0.0_0.0-hz30-0.jsonl.gz: OK
C-bounce-e0.5-s0.01-o0.0_0.0-hz60-0.jsonl.gz: OK
C-bounce-e0.5-s0.01-o1000.0_1000.0-hz120-0.jsonl.gz: OK
C-bounce-e0.5-s0.01-o1000.0_1000.0-hz30-0.jsonl.gz: OK
C-bounce-e0.5-s0.01-o1000.0_1000.0-hz60-0.jsonl.gz: OK
C-bounce-e0.5-s0.01-o1000000.0_-1000000.0-hz120-0.jsonl.gz: OK
C-bounce-e0.5-s0.01-o1000000.0_-1000000.0-hz30-0.jsonl.gz: OK
C-bounce-e0.5-s0.01-o1000000.0_-1000000.0-hz60-0.jsonl.gz: OK
C-bounce-e0.5-s1.0-o-1000.0_1000.0-hz120-0.jsonl.gz: OK
C-bounce-e0.5-s1.0-o-1000.0_1000.0-hz30-0.jsonl.gz: OK
C-bounce-e0.5-s1.0-o-1000.0_1000.0-hz60-0.jsonl.gz: OK
C-bounce-e0.5-s1.0-o-1000000.0_1000000.0-hz120-0.jsonl.gz: OK
C-bounce-e0.5-s1.0-o-1000000.0_1000000.0-hz30-0.jsonl.gz: OK
C-bounce-e0.5-s1.0-o-1000000.0_1000000.0-hz60-0.jsonl.gz: OK
C-bounce-e0.5-s1.0-o0.0_0.0-hz120-0.jsonl.gz: OK
C-bounce-e0.5-s1.0-o0.0_0.0-hz30-0.jsonl.gz: OK
C-bounce-e0.5-s1.0-o0.0_0.0-hz60-0.jsonl.gz: OK
C-bounce-e0.5-s1.0-o1000.0_1000.0-hz120-0.jsonl.gz: OK
C-bounce-e0.5-s1.0-o1000.0_1000.0-hz30-0.jsonl.gz: OK
C-bounce-e0.5-s1.0-o1000.0_1000.0-hz60-0.jsonl.gz: OK
C-bounce-e0.5-s1.0-o1000000.0_-1000000.0-hz120-0.jsonl.gz: OK
C-bounce-e0.5-s1.0-o1000000.0_-1000000.0-hz30-0.jsonl.gz: OK
C-bounce-e0.5-s1.0-o1000000.0_-1000000.0-hz60-0.jsonl.gz: OK
C-bounce-e0.5-s100.0-o-1000.0_1000.0-hz120-0.jsonl.gz: OK
C-bounce-e0.5-s100.0-o-1000.0_1000.0-hz30-0.jsonl.gz: OK
C-bounce-e0.5-s100.0-o-1000.0_1000.0-hz60-0.jsonl.gz: OK
C-bounce-e0.5-s100.0-o-1000000.0_1000000.0-hz120-0.jsonl.gz: OK
C-bounce-e0.5-s100.0-o-1000000.0_1000000.0-hz30-0.jsonl.gz: OK
C-bounce-e0.5-s100.0-o-1000000.0_1000000.0-hz60-0.jsonl.gz: OK
C-bounce-e0.5-s100.0-o0.0_0.0-hz120-0.jsonl.gz: OK
C-bounce-e0.5-s100.0-o0.0_0.0-hz30-0.jsonl.gz: OK
C-bounce-e0.5-s100.0-o0.0_0.0-hz60-0.jsonl.gz: OK
C-bounce-e0.5-s100.0-o1000.0_1000.0-hz120-0.jsonl.gz: OK
C-bounce-e0.5-s100.0-o1000.0_1000.0-hz30-0.jsonl.gz: OK
C-bounce-e0.5-s100.0-o1000.0_1000.0-hz60-0.jsonl.gz: OK
C-bounce-e0.5-s100.0-o1000000.0_-1000000.0-hz120-0.jsonl.gz: OK
C-bounce-e0.5-s100.0-o1000000.0_-1000000.0-hz30-0.jsonl.gz: OK
C-bounce-e0.5-s100.0-o1000000.0_-1000000.0-hz60-0.jsonl.gz: OK
C-bounce-e1.0-s0.01-o-1000.0_1000.0-hz120-0.jsonl.gz: OK
C-bounce-e1.0-s0.01-o-1000.0_1000.0-hz30-0.jsonl.gz: OK
C-bounce-e1.0-s0.01-o-1000.0_1000.0-hz60-0.jsonl.gz: OK
C-bounce-e1.0-s0.01-o-1000000.0_1000000.0-hz120-0.jsonl.gz: OK
C-bounce-e1.0-s0.01-o-1000000.0_1000000.0-hz30-0.jsonl.gz: OK
C-bounce-e1.0-s0.01-o-1000000.0_1000000.0-hz60-0.jsonl.gz: OK
C-bounce-e1.0-s0.01-o0.0_0.0-hz120-0.jsonl.gz: OK
C-bounce-e1.0-s0.01-o0.0_0.0-hz30-0.jsonl.gz: OK
C-bounce-e1.0-s0.01-o0.0_0.0-hz60-0.jsonl.gz: OK
C-bounce-e1.0-s0.01-o1000.0_1000.0-hz120-0.jsonl.gz: OK
C-bounce-e1.0-s0.01-o1000.0_1000.0-hz30-0.jsonl.gz: OK
C-bounce-e1.0-s0.01-o1000.0_1000.0-hz60-0.jsonl.gz: OK
C-bounce-e1.0-s0.01-o1000000.0_-1000000.0-hz120-0.jsonl.gz: OK
C-bounce-e1.0-s0.01-o1000000.0_-1000000.0-hz30-0.jsonl.gz: OK
C-bounce-e1.0-s0.01-o1000000.0_-1000000.0-hz60-0.jsonl.gz: OK
C-bounce-e1.0-s1.0-o-1000.0_1000.0-hz120-0.jsonl.gz: OK
C-bounce-e1.0-s1.0-o-1000.0_1000.0-hz30-0.jsonl.gz: OK
C-bounce-e1.0-s1.0-o-1000.0_1000.0-hz60-0.jsonl.gz: OK
C-bounce-e1.0-s1.0-o-1000000.0_1000000.0-hz120-0.jsonl.gz: OK
C-bounce-e1.0-s1.0-o-1000000.0_1000000.0-hz30-0.jsonl.gz: OK
C-bounce-e1.0-s1.0-o-1000000.0_1000000.0-hz60-0.jsonl.gz: OK
C-bounce-e1.0-s1.0-o0.0_0.0-hz120-0.jsonl.gz: OK
C-bounce-e1.0-s1.0-o0.0_0.0-hz30-0.jsonl.gz: OK
C-bounce-e1.0-s1.0-o0.0_0.0-hz60-0.jsonl.gz: OK
C-bounce-e1.0-s1.0-o1000.0_1000.0-hz120-0.jsonl.gz: OK
C-bounce-e1.0-s1.0-o1000.0_1000.0-hz30-0.jsonl.gz: OK
C-bounce-e1.0-s1.0-o1000.0_1000.0-hz60-0.jsonl.gz: OK
C-bounce-e1.0-s1.0-o1000000.0_-1000000.0-hz120-0.jsonl.gz: OK
C-bounce-e1.0-s1.0-o1000000.0_-1000000.0-hz30-0.jsonl.gz: OK
C-bounce-e1.0-s1.0-o1000000.0_-1000000.0-hz60-0.jsonl.gz: OK
C-bounce-e1.0-s100.0-o-1000.0_1000.0-hz120-0.jsonl.gz: OK
C-bounce-e1.0-s100.0-o-1000.0_1000.0-hz30-0.jsonl.gz: OK
C-bounce-e1.0-s100.0-o-1000.0_1000.0-hz60-0.jsonl.gz: OK
C-bounce-e1.0-s100.0-o-1000000.0_1000000.0-hz120-0.jsonl.gz: OK
C-bounce-e1.0-s100.0-o-1000000.0_1000000.0-hz30-0.jsonl.gz: OK
C-bounce-e1.0-s100.0-o-1000000.0_1000000.0-hz60-0.jsonl.gz: OK
C-bounce-e1.0-s100.0-o0.0_0.0-hz120-0.jsonl.gz: OK
C-bounce-e1.0-s100.0-o0.0_0.0-hz30-0.jsonl.gz: OK
C-bounce-e1.0-s100.0-o0.0_0.0-hz60-0.jsonl.gz: OK
C-bounce-e1.0-s100.0-o1000.0_1000.0-hz120-0.jsonl.gz: OK
C-bounce-e1.0-s100.0-o1000.0_1000.0-hz30-0.jsonl.gz: OK
C-bounce-e1.0-s100.0-o1000.0_1000.0-hz60-0.jsonl.gz: OK
C-bounce-e1.0-s100.0-o1000000.0_-1000000.0-hz120-0.jsonl.gz: OK
C-bounce-e1.0-s100.0-o1000000.0_-1000000.0-hz30-0.jsonl.gz: OK
C-bounce-e1.0-s100.0-o1000000.0_-1000000.0-hz60-0.jsonl.gz: OK
C-slide-s0.01-o-1000.0_1000.0-hz60-0.jsonl.gz: OK
C-slide-s0.01-o-1000000.0_1000000.0-hz60-0.jsonl.gz: OK
C-slide-s0.01-o0.0_0.0-hz60-0.jsonl.gz: OK
C-slide-s0.01-o1000.0_1000.0-hz60-0.jsonl.gz: OK
C-slide-s0.01-o1000000.0_-1000000.0-hz60-0.jsonl.gz: OK
C-slide-s1.0-o-1000.0_1000.0-hz60-0.jsonl.gz: OK
C-slide-s1.0-o-1000000.0_1000000.0-hz60-0.jsonl.gz: OK
C-slide-s1.0-o0.0_0.0-hz60-0.jsonl.gz: OK
C-slide-s1.0-o1000.0_1000.0-hz60-0.jsonl.gz: OK
C-slide-s1.0-o1000000.0_-1000000.0-hz60-0.jsonl.gz: OK
C-slide-s100.0-o-1000.0_1000.0-hz60-0.jsonl.gz: OK
C-slide-s100.0-o-1000000.0_1000000.0-hz60-0.jsonl.gz: OK
C-slide-s100.0-o0.0_0.0-hz60-0.jsonl.gz: OK
C-slide-s100.0-o1000.0_1000.0-hz60-0.jsonl.gz: OK
C-slide-s100.0-o1000000.0_-1000000.0-hz60-0.jsonl.gz: OK
C-stack-s0.01-o-1000.0_1000.0-hz120-0.jsonl.gz: OK
C-stack-s0.01-o-1000.0_1000.0-hz30-0.jsonl.gz: OK
C-stack-s0.01-o-1000.0_1000.0-hz60-0.jsonl.gz: OK
C-stack-s0.01-o-1000000.0_1000000.0-hz120-0.jsonl.gz: OK
C-stack-s0.01-o-1000000.0_1000000.0-hz30-0.jsonl.gz: OK
C-stack-s0.01-o-1000000.0_1000000.0-hz60-0.jsonl.gz: OK
C-stack-s0.01-o0.0_0.0-hz120-0.jsonl.gz: OK
C-stack-s0.01-o0.0_0.0-hz30-0.jsonl.gz: OK
C-stack-s0.01-o0.0_0.0-hz60-0.jsonl.gz: OK
C-stack-s0.01-o1000.0_1000.0-hz120-0.jsonl.gz: OK
C-stack-s0.01-o1000.0_1000.0-hz30-0.jsonl.gz: OK
C-stack-s0.01-o1000.0_1000.0-hz60-0.jsonl.gz: OK
C-stack-s0.01-o1000000.0_-1000000.0-hz120-0.jsonl.gz: OK
C-stack-s0.01-o1000000.0_-1000000.0-hz30-0.jsonl.gz: OK
C-stack-s0.01-o1000000.0_-1000000.0-hz60-0.jsonl.gz: OK
C-stack-s1.0-o-1000.0_1000.0-hz120-0.jsonl.gz: OK
C-stack-s1.0-o-1000.0_1000.0-hz30-0.jsonl.gz: OK
C-stack-s1.0-o-1000.0_1000.0-hz60-0.jsonl.gz: OK
C-stack-s1.0-o-1000000.0_1000000.0-hz120-0.jsonl.gz: OK
C-stack-s1.0-o-1000000.0_1000000.0-hz30-0.jsonl.gz: OK
C-stack-s1.0-o-1000000.0_1000000.0-hz60-0.jsonl.gz: OK
C-stack-s1.0-o0.0_0.0-hz120-0.jsonl.gz: OK
C-stack-s1.0-o0.0_0.0-hz30-0.jsonl.gz: OK
C-stack-s1.0-o0.0_0.0-hz60-0.jsonl.gz: OK
C-stack-s1.0-o1000.0_1000.0-hz120-0.jsonl.gz: OK
C-stack-s1.0-o1000.0_1000.0-hz30-0.jsonl.gz: OK
C-stack-s1.0-o1000.0_1000.0-hz60-0.jsonl.gz: OK
C-stack-s1.0-o1000000.0_-1000000.0-hz120-0.jsonl.gz: OK
C-stack-s1.0-o1000000.0_-1000000.0-hz30-0.jsonl.gz: OK
C-stack-s1.0-o1000000.0_-1000000.0-hz60-0.jsonl.gz: OK
C-stack-s100.0-o-1000.0_1000.0-hz120-0.jsonl.gz: OK
C-stack-s100.0-o-1000.0_1000.0-hz30-0.jsonl.gz: OK
C-stack-s100.0-o-1000.0_1000.0-hz60-0.jsonl.gz: OK
C-stack-s100.0-o-1000000.0_1000000.0-hz120-0.jsonl.gz: OK
C-stack-s100.0-o-1000000.0_1000000.0-hz30-0.jsonl.gz: OK
C-stack-s100.0-o-1000000.0_1000000.0-hz60-0.jsonl.gz: OK
C-stack-s100.0-o0.0_0.0-hz120-0.jsonl.gz: OK
C-stack-s100.0-o0.0_0.0-hz30-0.jsonl.gz: OK
C-stack-s100.0-o0.0_0.0-hz60-0.jsonl.gz: OK
C-stack-s100.0-o1000.0_1000.0-hz120-0.jsonl.gz: OK
C-stack-s100.0-o1000.0_1000.0-hz30-0.jsonl.gz: OK
C-stack-s100.0-o1000.0_1000.0-hz60-0.jsonl.gz: OK
C-stack-s100.0-o1000000.0_-1000000.0-hz120-0.jsonl.gz: OK
C-stack-s100.0-o1000000.0_-1000000.0-hz30-0.jsonl.gz: OK
C-stack-s100.0-o1000000.0_-1000000.0-hz60-0.jsonl.gz: OK
CCD-world-circle-ALL-s0.01-o-1000.0_1000.0-hz120-0.jsonl.gz: OK
CCD-world-circle-ALL-s0.01-o-1000.0_1000.0-hz30-0.jsonl.gz: OK
CCD-world-circle-ALL-s0.01-o-1000.0_1000.0-hz60-0.jsonl.gz: OK
CCD-world-circle-ALL-s0.01-o-1000000.0_1000000.0-hz120-0.jsonl.gz: OK
CCD-world-circle-ALL-s0.01-o-1000000.0_1000000.0-hz30-0.jsonl.gz: OK
CCD-world-circle-ALL-s0.01-o-1000000.0_1000000.0-hz60-0.jsonl.gz: OK
CCD-world-circle-ALL-s0.01-o0.0_0.0-hz120-0.jsonl.gz: OK
CCD-world-circle-ALL-s0.01-o0.0_0.0-hz30-0.jsonl.gz: OK
CCD-world-circle-ALL-s0.01-o0.0_0.0-hz60-0.jsonl.gz: OK
CCD-world-circle-ALL-s0.01-o1000.0_1000.0-hz120-0.jsonl.gz: OK
CCD-world-circle-ALL-s0.01-o1000.0_1000.0-hz30-0.jsonl.gz: OK
CCD-world-circle-ALL-s0.01-o1000.0_1000.0-hz60-0.jsonl.gz: OK
CCD-world-circle-ALL-s0.01-o1000000.0_-1000000.0-hz120-0.jsonl.gz: OK
CCD-world-circle-ALL-s0.01-o1000000.0_-1000000.0-hz30-0.jsonl.gz: OK
CCD-world-circle-ALL-s0.01-o1000000.0_-1000000.0-hz60-0.jsonl.gz: OK
CCD-world-circle-ALL-s1.0-o-1000.0_1000.0-hz120-0.jsonl.gz: OK
CCD-world-circle-ALL-s1.0-o-1000.0_1000.0-hz30-0.jsonl.gz: OK
CCD-world-circle-ALL-s1.0-o-1000.0_1000.0-hz60-0.jsonl.gz: OK
CCD-world-circle-ALL-s1.0-o-1000000.0_1000000.0-hz120-0.jsonl.gz: OK
CCD-world-circle-ALL-s1.0-o-1000000.0_1000000.0-hz30-0.jsonl.gz: OK
CCD-world-circle-ALL-s1.0-o-1000000.0_1000000.0-hz60-0.jsonl.gz: OK
CCD-world-circle-ALL-s1.0-o0.0_0.0-hz120-0.jsonl.gz: OK
CCD-world-circle-ALL-s1.0-o0.0_0.0-hz30-0.jsonl.gz: OK
CCD-world-circle-ALL-s1.0-o0.0_0.0-hz60-0.jsonl.gz: OK
CCD-world-circle-ALL-s1.0-o1000.0_1000.0-hz120-0.jsonl.gz: OK
CCD-world-circle-ALL-s1.0-o1000.0_1000.0-hz30-0.jsonl.gz: OK
CCD-world-circle-ALL-s1.0-o1000.0_1000.0-hz60-0.jsonl.gz: OK
CCD-world-circle-ALL-s1.0-o1000000.0_-1000000.0-hz120-0.jsonl.gz: OK
CCD-world-circle-ALL-s1.0-o1000000.0_-1000000.0-hz30-0.jsonl.gz: OK
CCD-world-circle-ALL-s1.0-o1000000.0_-1000000.0-hz60-0.jsonl.gz: OK
CCD-world-circle-ALL-s100.0-o-1000.0_1000.0-hz120-0.jsonl.gz: OK
CCD-world-circle-ALL-s100.0-o-1000.0_1000.0-hz30-0.jsonl.gz: OK
CCD-world-circle-ALL-s100.0-o-1000.0_1000.0-hz60-0.jsonl.gz: OK
CCD-world-circle-ALL-s100.0-o-1000000.0_1000000.0-hz120-0.jsonl.gz: OK
CCD-world-circle-ALL-s100.0-o-1000000.0_1000000.0-hz30-0.jsonl.gz: OK
CCD-world-circle-ALL-s100.0-o-1000000.0_1000000.0-hz60-0.jsonl.gz: OK
CCD-world-circle-ALL-s100.0-o0.0_0.0-hz120-0.jsonl.gz: OK
CCD-world-circle-ALL-s100.0-o0.0_0.0-hz30-0.jsonl.gz: OK
CCD-world-circle-ALL-s100.0-o0.0_0.0-hz60-0.jsonl.gz: OK
CCD-world-circle-ALL-s100.0-o1000.0_1000.0-hz120-0.jsonl.gz: OK
CCD-world-circle-ALL-s100.0-o1000.0_1000.0-hz30-0.jsonl.gz: OK
CCD-world-circle-ALL-s100.0-o1000.0_1000.0-hz60-0.jsonl.gz: OK
CCD-world-circle-ALL-s100.0-o1000000.0_-1000000.0-hz120-0.jsonl.gz: OK
CCD-world-circle-ALL-s100.0-o1000000.0_-1000000.0-hz30-0.jsonl.gz: OK
CCD-world-circle-ALL-s100.0-o1000000.0_-1000000.0-hz60-0.jsonl.gz: OK
CCD-world-circle-NONE-s0.01-o-1000.0_1000.0-hz120-0.jsonl.gz: OK
CCD-world-circle-NONE-s0.01-o-1000.0_1000.0-hz30-0.jsonl.gz: OK
CCD-world-circle-NONE-s0.01-o-1000.0_1000.0-hz60-0.jsonl.gz: OK
CCD-world-circle-NONE-s0.01-o-1000000.0_1000000.0-hz120-0.jsonl.gz: OK
CCD-world-circle-NONE-s0.01-o-1000000.0_1000000.0-hz30-0.jsonl.gz: OK
CCD-world-circle-NONE-s0.01-o-1000000.0_1000000.0-hz60-0.jsonl.gz: OK
CCD-world-circle-NONE-s0.01-o0.0_0.0-hz120-0.jsonl.gz: OK
CCD-world-circle-NONE-s0.01-o0.0_0.0-hz30-0.jsonl.gz: OK
CCD-world-circle-NONE-s0.01-o0.0_0.0-hz60-0.jsonl.gz: OK
CCD-world-circle-NONE-s0.01-o1000.0_1000.0-hz120-0.jsonl.gz: OK
CCD-world-circle-NONE-s0.01-o1000.0_1000.0-hz30-0.jsonl.gz: OK
CCD-world-circle-NONE-s0.01-o1000.0_1000.0-hz60-0.jsonl.gz: OK
CCD-world-circle-NONE-s0.01-o1000000.0_-1000000.0-hz120-0.jsonl.gz: OK
CCD-world-circle-NONE-s0.01-o1000000.0_-1000000.0-hz30-0.jsonl.gz: OK
CCD-world-circle-NONE-s0.01-o1000000.0_-1000000.0-hz60-0.jsonl.gz: OK
CCD-world-circle-NONE-s1.0-o-1000.0_1000.0-hz120-0.jsonl.gz: OK
CCD-world-circle-NONE-s1.0-o-1000.0_1000.0-hz30-0.jsonl.gz: OK
CCD-world-circle-NONE-s1.0-o-1000.0_1000.0-hz60-0.jsonl.gz: OK
CCD-world-circle-NONE-s1.0-o-1000000.0_1000000.0-hz120-0.jsonl.gz: OK
CCD-world-circle-NONE-s1.0-o-1000000.0_1000000.0-hz30-0.jsonl.gz: OK
CCD-world-circle-NONE-s1.0-o-1000000.0_1000000.0-hz60-0.jsonl.gz: OK
CCD-world-circle-NONE-s1.0-o0.0_0.0-hz120-0.jsonl.gz: OK
CCD-world-circle-NONE-s1.0-o0.0_0.0-hz30-0.jsonl.gz: OK
CCD-world-circle-NONE-s1.0-o0.0_0.0-hz60-0.jsonl.gz: OK
CCD-world-circle-NONE-s1.0-o1000.0_1000.0-hz120-0.jsonl.gz: OK
CCD-world-circle-NONE-s1.0-o1000.0_1000.0-hz30-0.jsonl.gz: OK
CCD-world-circle-NONE-s1.0-o1000.0_1000.0-hz60-0.jsonl.gz: OK
CCD-world-circle-NONE-s1.0-o1000000.0_-1000000.0-hz120-0.jsonl.gz: OK
CCD-world-circle-NONE-s1.0-o1000000.0_-1000000.0-hz30-0.jsonl.gz: OK
CCD-world-circle-NONE-s1.0-o1000000.0_-1000000.0-hz60-0.jsonl.gz: OK
CCD-world-circle-NONE-s100.0-o-1000.0_1000.0-hz120-0.jsonl.gz: OK
CCD-world-circle-NONE-s100.0-o-1000.0_1000.0-hz30-0.jsonl.gz: OK
CCD-world-circle-NONE-s100.0-o-1000.0_1000.0-hz60-0.jsonl.gz: OK
CCD-world-circle-NONE-s100.0-o-1000000.0_1000000.0-hz120-0.jsonl.gz: OK
CCD-world-circle-NONE-s100.0-o-1000000.0_1000000.0-hz30-0.jsonl.gz: OK
CCD-world-circle-NONE-s100.0-o-1000000.0_1000000.0-hz60-0.jsonl.gz: OK
CCD-world-circle-NONE-s100.0-o0.0_0.0-hz120-0.jsonl.gz: OK
CCD-world-circle-NONE-s100.0-o0.0_0.0-hz30-0.jsonl.gz: OK
CCD-world-circle-NONE-s100.0-o0.0_0.0-hz60-0.jsonl.gz: OK
CCD-world-circle-NONE-s100.0-o1000.0_1000.0-hz120-0.jsonl.gz: OK
CCD-world-circle-NONE-s100.0-o1000.0_1000.0-hz30-0.jsonl.gz: OK
CCD-world-circle-NONE-s100.0-o1000.0_1000.0-hz60-0.jsonl.gz: OK
CCD-world-circle-NONE-s100.0-o1000000.0_-1000000.0-hz120-0.jsonl.gz: OK
CCD-world-circle-NONE-s100.0-o1000000.0_-1000000.0-hz30-0.jsonl.gz: OK
CCD-world-circle-NONE-s100.0-o1000000.0_-1000000.0-hz60-0.jsonl.gz: OK
CCD-world-pentagon-ALL-s0.01-o-1000.0_1000.0-hz120-0.jsonl.gz: OK
CCD-world-pentagon-ALL-s0.01-o-1000.0_1000.0-hz30-0.jsonl.gz: OK
CCD-world-pentagon-ALL-s0.01-o-1000.0_1000.0-hz60-0.jsonl.gz: OK
CCD-world-pentagon-ALL-s0.01-o-1000000.0_1000000.0-hz120-0.jsonl.gz: OK
CCD-world-pentagon-ALL-s0.01-o-1000000.0_1000000.0-hz30-0.jsonl.gz: OK
CCD-world-pentagon-ALL-s0.01-o-1000000.0_1000000.0-hz60-0.jsonl.gz: OK
CCD-world-pentagon-ALL-s0.01-o0.0_0.0-hz120-0.jsonl.gz: OK
CCD-world-pentagon-ALL-s0.01-o0.0_0.0-hz30-0.jsonl.gz: OK
CCD-world-pentagon-ALL-s0.01-o0.0_0.0-hz60-0.jsonl.gz: OK
CCD-world-pentagon-ALL-s0.01-o1000.0_1000.0-hz120-0.jsonl.gz: OK
CCD-world-pentagon-ALL-s0.01-o1000.0_1000.0-hz30-0.jsonl.gz: OK
CCD-world-pentagon-ALL-s0.01-o1000.0_1000.0-hz60-0.jsonl.gz: OK
CCD-world-pentagon-ALL-s0.01-o1000000.0_-1000000.0-hz120-0.jsonl.gz: OK
CCD-world-pentagon-ALL-s0.01-o1000000.0_-1000000.0-hz30-0.jsonl.gz: OK
CCD-world-pentagon-ALL-s0.01-o1000000.0_-1000000.0-hz60-0.jsonl.gz: OK
CCD-world-pentagon-ALL-s1.0-o-1000.0_1000.0-hz120-0.jsonl.gz: OK
CCD-world-pentagon-ALL-s1.0-o-1000.0_1000.0-hz30-0.jsonl.gz: OK
CCD-world-pentagon-ALL-s1.0-o-1000.0_1000.0-hz60-0.jsonl.gz: OK
CCD-world-pentagon-ALL-s1.0-o-1000000.0_1000000.0-hz120-0.jsonl.gz: OK
CCD-world-pentagon-ALL-s1.0-o-1000000.0_1000000.0-hz30-0.jsonl.gz: OK
CCD-world-pentagon-ALL-s1.0-o-1000000.0_1000000.0-hz60-0.jsonl.gz: OK
CCD-world-pentagon-ALL-s1.0-o0.0_0.0-hz120-0.jsonl.gz: OK
CCD-world-pentagon-ALL-s1.0-o0.0_0.0-hz30-0.jsonl.gz: OK
CCD-world-pentagon-ALL-s1.0-o0.0_0.0-hz60-0.jsonl.gz: OK
CCD-world-pentagon-ALL-s1.0-o1000.0_1000.0-hz120-0.jsonl.gz: OK
CCD-world-pentagon-ALL-s1.0-o1000.0_1000.0-hz30-0.jsonl.gz: OK
CCD-world-pentagon-ALL-s1.0-o1000.0_1000.0-hz60-0.jsonl.gz: OK
CCD-world-pentagon-ALL-s1.0-o1000000.0_-1000000.0-hz120-0.jsonl.gz: OK
CCD-world-pentagon-ALL-s1.0-o1000000.0_-1000000.0-hz30-0.jsonl.gz: OK
CCD-world-pentagon-ALL-s1.0-o1000000.0_-1000000.0-hz60-0.jsonl.gz: OK
CCD-world-pentagon-ALL-s100.0-o-1000.0_1000.0-hz120-0.jsonl.gz: OK
CCD-world-pentagon-ALL-s100.0-o-1000.0_1000.0-hz30-0.jsonl.gz: OK
CCD-world-pentagon-ALL-s100.0-o-1000.0_1000.0-hz60-0.jsonl.gz: OK
CCD-world-pentagon-ALL-s100.0-o-1000000.0_1000000.0-hz120-0.jsonl.gz: OK
CCD-world-pentagon-ALL-s100.0-o-1000000.0_1000000.0-hz30-0.jsonl.gz: OK
CCD-world-pentagon-ALL-s100.0-o-1000000.0_1000000.0-hz60-0.jsonl.gz: OK
CCD-world-pentagon-ALL-s100.0-o0.0_0.0-hz120-0.jsonl.gz: OK
CCD-world-pentagon-ALL-s100.0-o0.0_0.0-hz30-0.jsonl.gz: OK
CCD-world-pentagon-ALL-s100.0-o0.0_0.0-hz60-0.jsonl.gz: OK
CCD-world-pentagon-ALL-s100.0-o1000.0_1000.0-hz120-0.jsonl.gz: OK
CCD-world-pentagon-ALL-s100.0-o1000.0_1000.0-hz30-0.jsonl.gz: OK
CCD-world-pentagon-ALL-s100.0-o1000.0_1000.0-hz60-0.jsonl.gz: OK
CCD-world-pentagon-ALL-s100.0-o1000000.0_-1000000.0-hz120-0.jsonl.gz: OK
CCD-world-pentagon-ALL-s100.0-o1000000.0_-1000000.0-hz30-0.jsonl.gz: OK
CCD-world-pentagon-ALL-s100.0-o1000000.0_-1000000.0-hz60-0.jsonl.gz: OK
CCD-world-pentagon-NONE-s0.01-o-1000.0_1000.0-hz120-0.jsonl.gz: OK
CCD-world-pentagon-NONE-s0.01-o-1000.0_1000.0-hz30-0.jsonl.gz: OK
CCD-world-pentagon-NONE-s0.01-o-1000.0_1000.0-hz60-0.jsonl.gz: OK
CCD-world-pentagon-NONE-s0.01-o-1000000.0_1000000.0-hz120-0.jsonl.gz: OK
CCD-world-pentagon-NONE-s0.01-o-1000000.0_1000000.0-hz30-0.jsonl.gz: OK
CCD-world-pentagon-NONE-s0.01-o-1000000.0_1000000.0-hz60-0.jsonl.gz: OK
CCD-world-pentagon-NONE-s0.01-o0.0_0.0-hz120-0.jsonl.gz: OK
CCD-world-pentagon-NONE-s0.01-o0.0_0.0-hz30-0.jsonl.gz: OK
CCD-world-pentagon-NONE-s0.01-o0.0_0.0-hz60-0.jsonl.gz: OK
CCD-world-pentagon-NONE-s0.01-o1000.0_1000.0-hz120-0.jsonl.gz: OK
CCD-world-pentagon-NONE-s0.01-o1000.0_1000.0-hz30-0.jsonl.gz: OK
CCD-world-pentagon-NONE-s0.01-o1000.0_1000.0-hz60-0.jsonl.gz: OK
CCD-world-pentagon-NONE-s0.01-o1000000.0_-1000000.0-hz120-0.jsonl.gz: OK
CCD-world-pentagon-NONE-s0.01-o1000000.0_-1000000.0-hz30-0.jsonl.gz: OK
CCD-world-pentagon-NONE-s0.01-o1000000.0_-1000000.0-hz60-0.jsonl.gz: OK
CCD-world-pentagon-NONE-s1.0-o-1000.0_1000.0-hz120-0.jsonl.gz: OK
CCD-world-pentagon-NONE-s1.0-o-1000.0_1000.0-hz30-0.jsonl.gz: OK
CCD-world-pentagon-NONE-s1.0-o-1000.0_1000.0-hz60-0.jsonl.gz: OK
CCD-world-pentagon-NONE-s1.0-o-1000000.0_1000000.0-hz120-0.jsonl.gz: OK
CCD-world-pentagon-NONE-s1.0-o-1000000.0_1000000.0-hz30-0.jsonl.gz: OK
CCD-world-pentagon-NONE-s1.0-o-1000000.0_1000000.0-hz60-0.jsonl.gz: OK
CCD-world-pentagon-NONE-s1.0-o0.0_0.0-hz120-0.jsonl.gz: OK
CCD-world-pentagon-NONE-s1.0-o0.0_0.0-hz30-0.jsonl.gz: OK
CCD-world-pentagon-NONE-s1.0-o0.0_0.0-hz60-0.jsonl.gz: OK
CCD-world-pentagon-NONE-s1.0-o1000.0_1000.0-hz120-0.jsonl.gz: OK
CCD-world-pentagon-NONE-s1.0-o1000.0_1000.0-hz30-0.jsonl.gz: OK
CCD-world-pentagon-NONE-s1.0-o1000.0_1000.0-hz60-0.jsonl.gz: OK
CCD-world-pentagon-NONE-s1.0-o1000000.0_-1000000.0-hz120-0.jsonl.gz: OK
CCD-world-pentagon-NONE-s1.0-o1000000.0_-1000000.0-hz30-0.jsonl.gz: OK
CCD-world-pentagon-NONE-s1.0-o1000000.0_-1000000.0-hz60-0.jsonl.gz: OK
CCD-world-pentagon-NONE-s100.0-o-1000.0_1000.0-hz120-0.jsonl.gz: OK
CCD-world-pentagon-NONE-s100.0-o-1000.0_1000.0-hz30-0.jsonl.gz: OK
CCD-world-pentagon-NONE-s100.0-o-1000.0_1000.0-hz60-0.jsonl.gz: OK
CCD-world-pentagon-NONE-s100.0-o-1000000.0_1000000.0-hz120-0.jsonl.gz: OK
CCD-world-pentagon-NONE-s100.0-o-1000000.0_1000000.0-hz30-0.jsonl.gz: OK
CCD-world-pentagon-NONE-s100.0-o-1000000.0_1000000.0-hz60-0.jsonl.gz: OK
CCD-world-pentagon-NONE-s100.0-o0.0_0.0-hz120-0.jsonl.gz: OK
CCD-world-pentagon-NONE-s100.0-o0.0_0.0-hz30-0.jsonl.gz: OK
CCD-world-pentagon-NONE-s100.0-o0.0_0.0-hz60-0.jsonl.gz: OK
CCD-world-pentagon-NONE-s100.0-o1000.0_1000.0-hz120-0.jsonl.gz: OK
CCD-world-pentagon-NONE-s100.0-o1000.0_1000.0-hz30-0.jsonl.gz: OK
CCD-world-pentagon-NONE-s100.0-o1000.0_1000.0-hz60-0.jsonl.gz: OK
CCD-world-pentagon-NONE-s100.0-o1000000.0_-1000000.0-hz120-0.jsonl.gz: OK
CCD-world-pentagon-NONE-s100.0-o1000000.0_-1000000.0-hz30-0.jsonl.gz: OK
CCD-world-pentagon-NONE-s100.0-o1000000.0_-1000000.0-hz60-0.jsonl.gz: OK
F-integrator-damping0.0-s0.01-o-1000.0_1000.0-hz60-0.jsonl.gz: OK
F-integrator-damping0.0-s0.01-o-1000000.0_1000000.0-hz60-0.jsonl.gz: OK
F-integrator-damping0.0-s0.01-o0.0_0.0-hz60-0.jsonl.gz: OK
F-integrator-damping0.0-s0.01-o1000.0_1000.0-hz60-0.jsonl.gz: OK
F-integrator-damping0.0-s0.01-o1000000.0_-1000000.0-hz60-0.jsonl.gz: OK
F-integrator-damping0.0-s1.0-o-1000.0_1000.0-hz60-0.jsonl.gz: OK
F-integrator-damping0.0-s1.0-o-1000000.0_1000000.0-hz60-0.jsonl.gz: OK
F-integrator-damping0.0-s1.0-o0.0_0.0-hz60-0.jsonl.gz: OK
F-integrator-damping0.0-s1.0-o1000.0_1000.0-hz60-0.jsonl.gz: OK
F-integrator-damping0.0-s1.0-o1000000.0_-1000000.0-hz60-0.jsonl.gz: OK
F-integrator-damping0.0-s100.0-o-1000.0_1000.0-hz60-0.jsonl.gz: OK
F-integrator-damping0.0-s100.0-o-1000000.0_1000000.0-hz60-0.jsonl.gz: OK
F-integrator-damping0.0-s100.0-o0.0_0.0-hz60-0.jsonl.gz: OK
F-integrator-damping0.0-s100.0-o1000.0_1000.0-hz60-0.jsonl.gz: OK
F-integrator-damping0.0-s100.0-o1000000.0_-1000000.0-hz60-0.jsonl.gz: OK
F-integrator-damping0.1-s0.01-o-1000.0_1000.0-hz60-0.jsonl.gz: OK
F-integrator-damping0.1-s0.01-o-1000000.0_1000000.0-hz60-0.jsonl.gz: OK
F-integrator-damping0.1-s0.01-o0.0_0.0-hz60-0.jsonl.gz: OK
F-integrator-damping0.1-s0.01-o1000.0_1000.0-hz60-0.jsonl.gz: OK
F-integrator-damping0.1-s0.01-o1000000.0_-1000000.0-hz60-0.jsonl.gz: OK
F-integrator-damping0.1-s1.0-o-1000.0_1000.0-hz60-0.jsonl.gz: OK
F-integrator-damping0.1-s1.0-o-1000000.0_1000000.0-hz60-0.jsonl.gz: OK
F-integrator-damping0.1-s1.0-o0.0_0.0-hz60-0.jsonl.gz: OK
F-integrator-damping0.1-s1.0-o1000.0_1000.0-hz60-0.jsonl.gz: OK
F-integrator-damping0.1-s1.0-o1000000.0_-1000000.0-hz60-0.jsonl.gz: OK
F-integrator-damping0.1-s100.0-o-1000.0_1000.0-hz60-0.jsonl.gz: OK
F-integrator-damping0.1-s100.0-o-1000000.0_1000000.0-hz60-0.jsonl.gz: OK
F-integrator-damping0.1-s100.0-o0.0_0.0-hz60-0.jsonl.gz: OK
F-integrator-damping0.1-s100.0-o1000.0_1000.0-hz60-0.jsonl.gz: OK
F-integrator-damping0.1-s100.0-o1000000.0_-1000000.0-hz60-0.jsonl.gz: OK
L-free-s1.0-o0.0_0.0-hz60-0.jsonl.gz: OK
L-spring-damperfalse-s0.01-o-1000.0_1000.0-hz120-0.jsonl.gz: OK
L-spring-damperfalse-s0.01-o-1000.0_1000.0-hz30-0.jsonl.gz: OK
L-spring-damperfalse-s0.01-o-1000.0_1000.0-hz60-0.jsonl.gz: OK
L-spring-damperfalse-s0.01-o-1000000.0_1000000.0-hz120-0.jsonl.gz: OK
L-spring-damperfalse-s0.01-o-1000000.0_1000000.0-hz30-0.jsonl.gz: OK
L-spring-damperfalse-s0.01-o-1000000.0_1000000.0-hz60-0.jsonl.gz: OK
L-spring-damperfalse-s0.01-o0.0_0.0-hz120-0.jsonl.gz: OK
L-spring-damperfalse-s0.01-o0.0_0.0-hz30-0.jsonl.gz: OK
L-spring-damperfalse-s0.01-o0.0_0.0-hz60-0.jsonl.gz: OK
L-spring-damperfalse-s0.01-o1000.0_1000.0-hz120-0.jsonl.gz: OK
L-spring-damperfalse-s0.01-o1000.0_1000.0-hz30-0.jsonl.gz: OK
L-spring-damperfalse-s0.01-o1000.0_1000.0-hz60-0.jsonl.gz: OK
L-spring-damperfalse-s0.01-o1000000.0_-1000000.0-hz120-0.jsonl.gz: OK
L-spring-damperfalse-s0.01-o1000000.0_-1000000.0-hz30-0.jsonl.gz: OK
L-spring-damperfalse-s0.01-o1000000.0_-1000000.0-hz60-0.jsonl.gz: OK
L-spring-damperfalse-s1.0-o-1000.0_1000.0-hz120-0.jsonl.gz: OK
L-spring-damperfalse-s1.0-o-1000.0_1000.0-hz30-0.jsonl.gz: OK
L-spring-damperfalse-s1.0-o-1000.0_1000.0-hz60-0.jsonl.gz: OK
L-spring-damperfalse-s1.0-o-1000000.0_1000000.0-hz120-0.jsonl.gz: OK
L-spring-damperfalse-s1.0-o-1000000.0_1000000.0-hz30-0.jsonl.gz: OK
L-spring-damperfalse-s1.0-o-1000000.0_1000000.0-hz60-0.jsonl.gz: OK
L-spring-damperfalse-s1.0-o0.0_0.0-hz120-0.jsonl.gz: OK
L-spring-damperfalse-s1.0-o0.0_0.0-hz30-0.jsonl.gz: OK
L-spring-damperfalse-s1.0-o0.0_0.0-hz60-0.jsonl.gz: OK
L-spring-damperfalse-s1.0-o1000.0_1000.0-hz120-0.jsonl.gz: OK
L-spring-damperfalse-s1.0-o1000.0_1000.0-hz30-0.jsonl.gz: OK
L-spring-damperfalse-s1.0-o1000.0_1000.0-hz60-0.jsonl.gz: OK
L-spring-damperfalse-s1.0-o1000000.0_-1000000.0-hz120-0.jsonl.gz: OK
L-spring-damperfalse-s1.0-o1000000.0_-1000000.0-hz30-0.jsonl.gz: OK
L-spring-damperfalse-s1.0-o1000000.0_-1000000.0-hz60-0.jsonl.gz: OK
L-spring-damperfalse-s100.0-o-1000.0_1000.0-hz120-0.jsonl.gz: OK
L-spring-damperfalse-s100.0-o-1000.0_1000.0-hz30-0.jsonl.gz: OK
L-spring-damperfalse-s100.0-o-1000.0_1000.0-hz60-0.jsonl.gz: OK
L-spring-damperfalse-s100.0-o-1000000.0_1000000.0-hz120-0.jsonl.gz: OK
L-spring-damperfalse-s100.0-o-1000000.0_1000000.0-hz30-0.jsonl.gz: OK
L-spring-damperfalse-s100.0-o-1000000.0_1000000.0-hz60-0.jsonl.gz: OK
L-spring-damperfalse-s100.0-o0.0_0.0-hz120-0.jsonl.gz: OK
L-spring-damperfalse-s100.0-o0.0_0.0-hz30-0.jsonl.gz: OK
L-spring-damperfalse-s100.0-o0.0_0.0-hz60-0.jsonl.gz: OK
L-spring-damperfalse-s100.0-o1000.0_1000.0-hz120-0.jsonl.gz: OK
L-spring-damperfalse-s100.0-o1000.0_1000.0-hz30-0.jsonl.gz: OK
L-spring-damperfalse-s100.0-o1000.0_1000.0-hz60-0.jsonl.gz: OK
L-spring-damperfalse-s100.0-o1000000.0_-1000000.0-hz120-0.jsonl.gz: OK
L-spring-damperfalse-s100.0-o1000000.0_-1000000.0-hz30-0.jsonl.gz: OK
L-spring-damperfalse-s100.0-o1000000.0_-1000000.0-hz60-0.jsonl.gz: OK
L-spring-dampertrue-s0.01-o-1000.0_1000.0-hz120-0.jsonl.gz: OK
L-spring-dampertrue-s0.01-o-1000.0_1000.0-hz30-0.jsonl.gz: OK
L-spring-dampertrue-s0.01-o-1000.0_1000.0-hz60-0.jsonl.gz: OK
L-spring-dampertrue-s0.01-o-1000000.0_1000000.0-hz120-0.jsonl.gz: OK
L-spring-dampertrue-s0.01-o-1000000.0_1000000.0-hz30-0.jsonl.gz: OK
L-spring-dampertrue-s0.01-o-1000000.0_1000000.0-hz60-0.jsonl.gz: OK
L-spring-dampertrue-s0.01-o0.0_0.0-hz120-0.jsonl.gz: OK
L-spring-dampertrue-s0.01-o0.0_0.0-hz30-0.jsonl.gz: OK
L-spring-dampertrue-s0.01-o0.0_0.0-hz60-0.jsonl.gz: OK
L-spring-dampertrue-s0.01-o1000.0_1000.0-hz120-0.jsonl.gz: OK
L-spring-dampertrue-s0.01-o1000.0_1000.0-hz30-0.jsonl.gz: OK
L-spring-dampertrue-s0.01-o1000.0_1000.0-hz60-0.jsonl.gz: OK
L-spring-dampertrue-s0.01-o1000000.0_-1000000.0-hz120-0.jsonl.gz: OK
L-spring-dampertrue-s0.01-o1000000.0_-1000000.0-hz30-0.jsonl.gz: OK
L-spring-dampertrue-s0.01-o1000000.0_-1000000.0-hz60-0.jsonl.gz: OK
L-spring-dampertrue-s1.0-o-1000.0_1000.0-hz120-0.jsonl.gz: OK
L-spring-dampertrue-s1.0-o-1000.0_1000.0-hz30-0.jsonl.gz: OK
L-spring-dampertrue-s1.0-o-1000.0_1000.0-hz60-0.jsonl.gz: OK
L-spring-dampertrue-s1.0-o-1000000.0_1000000.0-hz120-0.jsonl.gz: OK
L-spring-dampertrue-s1.0-o-1000000.0_1000000.0-hz30-0.jsonl.gz: OK
L-spring-dampertrue-s1.0-o-1000000.0_1000000.0-hz60-0.jsonl.gz: OK
L-spring-dampertrue-s1.0-o0.0_0.0-hz120-0.jsonl.gz: OK
L-spring-dampertrue-s1.0-o0.0_0.0-hz30-0.jsonl.gz: OK
L-spring-dampertrue-s1.0-o0.0_0.0-hz60-0.jsonl.gz: OK
L-spring-dampertrue-s1.0-o1000.0_1000.0-hz120-0.jsonl.gz: OK
L-spring-dampertrue-s1.0-o1000.0_1000.0-hz30-0.jsonl.gz: OK
L-spring-dampertrue-s1.0-o1000.0_1000.0-hz60-0.jsonl.gz: OK
L-spring-dampertrue-s1.0-o1000000.0_-1000000.0-hz120-0.jsonl.gz: OK
L-spring-dampertrue-s1.0-o1000000.0_-1000000.0-hz30-0.jsonl.gz: OK
L-spring-dampertrue-s1.0-o1000000.0_-1000000.0-hz60-0.jsonl.gz: OK
L-spring-dampertrue-s100.0-o-1000.0_1000.0-hz120-0.jsonl.gz: OK
L-spring-dampertrue-s100.0-o-1000.0_1000.0-hz30-0.jsonl.gz: OK
L-spring-dampertrue-s100.0-o-1000.0_1000.0-hz60-0.jsonl.gz: OK
L-spring-dampertrue-s100.0-o-1000000.0_1000000.0-hz120-0.jsonl.gz: OK
L-spring-dampertrue-s100.0-o-1000000.0_1000000.0-hz30-0.jsonl.gz: OK
L-spring-dampertrue-s100.0-o-1000000.0_1000000.0-hz60-0.jsonl.gz: OK
L-spring-dampertrue-s100.0-o0.0_0.0-hz120-0.jsonl.gz: OK
L-spring-dampertrue-s100.0-o0.0_0.0-hz30-0.jsonl.gz: OK
L-spring-dampertrue-s100.0-o0.0_0.0-hz60-0.jsonl.gz: OK
L-spring-dampertrue-s100.0-o1000.0_1000.0-hz120-0.jsonl.gz: OK
L-spring-dampertrue-s100.0-o1000.0_1000.0-hz30-0.jsonl.gz: OK
L-spring-dampertrue-s100.0-o1000.0_1000.0-hz60-0.jsonl.gz: OK
L-spring-dampertrue-s100.0-o1000000.0_-1000000.0-hz120-0.jsonl.gz: OK
L-spring-dampertrue-s100.0-o1000000.0_-1000000.0-hz30-0.jsonl.gz: OK
L-spring-dampertrue-s100.0-o1000000.0_-1000000.0-hz60-0.jsonl.gz: OK
P-J-Angle-LimitsEnabled-false-0.jsonl.gz: OK
P-J-Angle-LimitsEnabled-toggle-0.jsonl.gz: OK
P-J-Angle-LimitsEnabled-true-0.jsonl.gz: OK
P-J-Angle-Ratio--1.0-0.jsonl.gz: OK
P-J-Angle-Ratio-0.5-0.jsonl.gz: OK
P-J-Angle-Ratio-1.0-0.jsonl.gz: OK
P-J-Angle-Ratio-2.0-0.jsonl.gz: OK
P-J-Angle-initial-0.jsonl.gz: OK
P-J-Angle-limits-equal-0.jsonl.gz: OK
P-J-Angle-limits-range-0.jsonl.gz: OK
P-J-Angle-ratio-limits-off--1.0-0.jsonl.gz: OK
P-J-Angle-ratio-limits-off-0.5-0.jsonl.gz: OK
P-J-Angle-ratio-limits-off-1.0-0.jsonl.gz: OK
P-J-Angle-ratio-limits-off-2.0-0.jsonl.gz: OK
P-J-Distance-LimitsEnabled-false-0.jsonl.gz: OK
P-J-Distance-LimitsEnabled-toggle-0.jsonl.gz: OK
P-J-Distance-LimitsEnabled-true-0.jsonl.gz: OK
P-J-Distance-LowerLimitEnabled-false-0.jsonl.gz: OK
P-J-Distance-LowerLimitEnabled-toggle-0.jsonl.gz: OK
P-J-Distance-LowerLimitEnabled-true-0.jsonl.gz: OK
P-J-Distance-MaximumSpringForce-0.0-0.jsonl.gz: OK
P-J-Distance-MaximumSpringForce-10.0-0.jsonl.gz: OK
P-J-Distance-MaximumSpringForce-1000.0-0.jsonl.gz: OK
P-J-Distance-MaximumSpringForceEnabled-false-0.jsonl.gz: OK
P-J-Distance-MaximumSpringForceEnabled-toggle-0.jsonl.gz: OK
P-J-Distance-MaximumSpringForceEnabled-true-0.jsonl.gz: OK
P-J-Distance-SpringDamperEnabled-false-0.jsonl.gz: OK
P-J-Distance-SpringDamperEnabled-toggle-0.jsonl.gz: OK
P-J-Distance-SpringDamperEnabled-true-0.jsonl.gz: OK
P-J-Distance-SpringDampingRatio-0.0-0.jsonl.gz: OK
P-J-Distance-SpringDampingRatio-0.2-0.jsonl.gz: OK
P-J-Distance-SpringDampingRatio-1.0-0.jsonl.gz: OK
P-J-Distance-SpringEnabled-false-0.jsonl.gz: OK
P-J-Distance-SpringEnabled-toggle-0.jsonl.gz: OK
P-J-Distance-SpringEnabled-true-0.jsonl.gz: OK
P-J-Distance-SpringFrequency-2.0-0.jsonl.gz: OK
P-J-Distance-SpringFrequency-8.0-0.jsonl.gz: OK
P-J-Distance-UpperLimitEnabled-false-0.jsonl.gz: OK
P-J-Distance-UpperLimitEnabled-toggle-0.jsonl.gz: OK
P-J-Distance-UpperLimitEnabled-true-0.jsonl.gz: OK
P-J-Distance-initial-0.jsonl.gz: OK
P-J-Distance-interaction-0.jsonl.gz: OK
P-J-Distance-limits-equal-0.jsonl.gz: OK
P-J-Distance-stiffness-from-2.0Hz-0x1.f019b59389d7bp6-0.jsonl.gz: OK
P-J-Distance-stiffness-from-8.0Hz-0x1.f019b59389d7bp10-0.jsonl.gz: OK
P-J-Friction-MaximumForce-0.0-0.jsonl.gz: OK
P-J-Friction-MaximumForce-10.0-0.jsonl.gz: OK
P-J-Friction-MaximumForce-1000.0-0.jsonl.gz: OK
P-J-Friction-MaximumTorque-0.0-0.jsonl.gz: OK
P-J-Friction-MaximumTorque-0.25-0.jsonl.gz: OK
P-J-Friction-MaximumTorque-10.0-0.jsonl.gz: OK
P-J-Friction-initial-0.jsonl.gz: OK
P-J-Motor-CorrectionFactor-0.0-0.jsonl.gz: OK
P-J-Motor-CorrectionFactor-0.3-0.jsonl.gz: OK
P-J-Motor-CorrectionFactor-1.0-0.jsonl.gz: OK
P-J-Motor-MaximumForce-0.0-0.jsonl.gz: OK
P-J-Motor-MaximumForce-10.0-0.jsonl.gz: OK
P-J-Motor-MaximumForce-1000.0-0.jsonl.gz: OK
P-J-Motor-MaximumTorque-0.0-0.jsonl.gz: OK
P-J-Motor-MaximumTorque-0.25-0.jsonl.gz: OK
P-J-Motor-MaximumTorque-10.0-0.jsonl.gz: OK
P-J-Motor-initial-0.jsonl.gz: OK
P-J-Motor-moving-angular-target-0.jsonl.gz: OK
P-J-Motor-moving-linear-target-0.jsonl.gz: OK
P-J-Pin-CorrectionFactor-0.0-0.jsonl.gz: OK
P-J-Pin-CorrectionFactor-0.3-0.jsonl.gz: OK
P-J-Pin-CorrectionFactor-1.0-0.jsonl.gz: OK
P-J-Pin-MaximumCorrectionForce-0.0-0.jsonl.gz: OK
P-J-Pin-MaximumCorrectionForce-10.0-0.jsonl.gz: OK
P-J-Pin-MaximumCorrectionForce-1000.0-0.jsonl.gz: OK
P-J-Pin-MaximumSpringForce-0.0-0.jsonl.gz: OK
P-J-Pin-MaximumSpringForce-10.0-0.jsonl.gz: OK
P-J-Pin-MaximumSpringForce-1000.0-0.jsonl.gz: OK
P-J-Pin-MaximumSpringForceEnabled-false-0.jsonl.gz: OK
P-J-Pin-MaximumSpringForceEnabled-toggle-0.jsonl.gz: OK
P-J-Pin-MaximumSpringForceEnabled-true-0.jsonl.gz: OK
P-J-Pin-SpringDamperEnabled-false-0.jsonl.gz: OK
P-J-Pin-SpringDamperEnabled-toggle-0.jsonl.gz: OK
P-J-Pin-SpringDamperEnabled-true-0.jsonl.gz: OK
P-J-Pin-SpringDampingRatio-0.0-0.jsonl.gz: OK
P-J-Pin-SpringDampingRatio-0.2-0.jsonl.gz: OK
P-J-Pin-SpringDampingRatio-1.0-0.jsonl.gz: OK
P-J-Pin-SpringEnabled-false-0.jsonl.gz: OK
P-J-Pin-SpringEnabled-toggle-0.jsonl.gz: OK
P-J-Pin-SpringEnabled-true-0.jsonl.gz: OK
P-J-Pin-SpringFrequency-2.0-0.jsonl.gz: OK
P-J-Pin-SpringFrequency-8.0-0.jsonl.gz: OK
P-J-Pin-initial-0.jsonl.gz: OK
P-J-Pin-moving-linear-target-0.jsonl.gz: OK
P-J-Pin-stiffness-from-2.0Hz-0x1.f019b59389d7bp7-0.jsonl.gz: OK
P-J-Pin-stiffness-from-8.0Hz-0x1.f019b59389d7bp11-0.jsonl.gz: OK
P-J-Prismatic-LimitsEnabled-false-0.jsonl.gz: OK
P-J-Prismatic-LimitsEnabled-toggle-0.jsonl.gz: OK
P-J-Prismatic-LimitsEnabled-true-0.jsonl.gz: OK
P-J-Prismatic-LowerLimitEnabled-false-0.jsonl.gz: OK
P-J-Prismatic-LowerLimitEnabled-toggle-0.jsonl.gz: OK
P-J-Prismatic-LowerLimitEnabled-true-0.jsonl.gz: OK
P-J-Prismatic-MaximumMotorForce-0.0-0.jsonl.gz: OK
P-J-Prismatic-MaximumMotorForce-10.0-0.jsonl.gz: OK
P-J-Prismatic-MaximumMotorForce-1000.0-0.jsonl.gz: OK
P-J-Prismatic-MaximumMotorForceEnabled-false-0.jsonl.gz: OK
P-J-Prismatic-MaximumMotorForceEnabled-toggle-0.jsonl.gz: OK
P-J-Prismatic-MaximumMotorForceEnabled-true-0.jsonl.gz: OK
P-J-Prismatic-MaximumSpringForce-0.0-0.jsonl.gz: OK
P-J-Prismatic-MaximumSpringForce-10.0-0.jsonl.gz: OK
P-J-Prismatic-MaximumSpringForce-1000.0-0.jsonl.gz: OK
P-J-Prismatic-MaximumSpringForceEnabled-false-0.jsonl.gz: OK
P-J-Prismatic-MaximumSpringForceEnabled-toggle-0.jsonl.gz: OK
P-J-Prismatic-MaximumSpringForceEnabled-true-0.jsonl.gz: OK
P-J-Prismatic-MotorEnabled-false-0.jsonl.gz: OK
P-J-Prismatic-MotorEnabled-toggle-0.jsonl.gz: OK
P-J-Prismatic-MotorEnabled-true-0.jsonl.gz: OK
P-J-Prismatic-MotorSpeed--1.0-0.jsonl.gz: OK
P-J-Prismatic-MotorSpeed-0.0-0.jsonl.gz: OK
P-J-Prismatic-MotorSpeed-1.0-0.jsonl.gz: OK
P-J-Prismatic-SpringDamperEnabled-false-0.jsonl.gz: OK
P-J-Prismatic-SpringDamperEnabled-toggle-0.jsonl.gz: OK
P-J-Prismatic-SpringDamperEnabled-true-0.jsonl.gz: OK
P-J-Prismatic-SpringDampingRatio-0.0-0.jsonl.gz: OK
P-J-Prismatic-SpringDampingRatio-0.2-0.jsonl.gz: OK
P-J-Prismatic-SpringDampingRatio-1.0-0.jsonl.gz: OK
P-J-Prismatic-SpringEnabled-false-0.jsonl.gz: OK
P-J-Prismatic-SpringEnabled-toggle-0.jsonl.gz: OK
P-J-Prismatic-SpringEnabled-true-0.jsonl.gz: OK
P-J-Prismatic-SpringFrequency-2.0-0.jsonl.gz: OK
P-J-Prismatic-SpringFrequency-8.0-0.jsonl.gz: OK
P-J-Prismatic-UpperLimitEnabled-false-0.jsonl.gz: OK
P-J-Prismatic-UpperLimitEnabled-toggle-0.jsonl.gz: OK
P-J-Prismatic-UpperLimitEnabled-true-0.jsonl.gz: OK
P-J-Prismatic-initial-0.jsonl.gz: OK
P-J-Prismatic-interaction-0.jsonl.gz: OK
P-J-Prismatic-limits-equal-0.jsonl.gz: OK
P-J-Prismatic-limits-range-0.jsonl.gz: OK
P-J-Prismatic-stiffness-from-2.0Hz-0x1.f019b59389d7bp6-0.jsonl.gz: OK
P-J-Prismatic-stiffness-from-8.0Hz-0x1.f019b59389d7bp10-0.jsonl.gz: OK
P-J-Pulley-Ratio-0.5-0.jsonl.gz: OK
P-J-Pulley-Ratio-1.0-0.jsonl.gz: OK
P-J-Pulley-Ratio-2.0-0.jsonl.gz: OK
P-J-Pulley-SlackEnabled-false-0.jsonl.gz: OK
P-J-Pulley-SlackEnabled-toggle-0.jsonl.gz: OK
P-J-Pulley-SlackEnabled-true-0.jsonl.gz: OK
P-J-Pulley-initial-0.jsonl.gz: OK
P-J-Revolute-LimitsEnabled-false-0.jsonl.gz: OK
P-J-Revolute-LimitsEnabled-toggle-0.jsonl.gz: OK
P-J-Revolute-LimitsEnabled-true-0.jsonl.gz: OK
P-J-Revolute-MaximumMotorTorque-0.0-0.jsonl.gz: OK
P-J-Revolute-MaximumMotorTorque-0.25-0.jsonl.gz: OK
P-J-Revolute-MaximumMotorTorque-10.0-0.jsonl.gz: OK
P-J-Revolute-MaximumMotorTorqueEnabled-false-0.jsonl.gz: OK
P-J-Revolute-MaximumMotorTorqueEnabled-toggle-0.jsonl.gz: OK
P-J-Revolute-MaximumMotorTorqueEnabled-true-0.jsonl.gz: OK
P-J-Revolute-MotorEnabled-false-0.jsonl.gz: OK
P-J-Revolute-MotorEnabled-toggle-0.jsonl.gz: OK
P-J-Revolute-MotorEnabled-true-0.jsonl.gz: OK
P-J-Revolute-MotorSpeed--1.5707963267948966-0.jsonl.gz: OK
P-J-Revolute-MotorSpeed-0.0-0.jsonl.gz: OK
P-J-Revolute-MotorSpeed-1.5707963267948966-0.jsonl.gz: OK
P-J-Revolute-initial-0.jsonl.gz: OK
P-J-Revolute-interaction-0.jsonl.gz: OK
P-J-Revolute-limits-equal-0.jsonl.gz: OK
P-J-Revolute-limits-range-0.jsonl.gz: OK
P-J-Weld-LimitsEnabled-false-0.jsonl.gz: OK
P-J-Weld-LimitsEnabled-toggle-0.jsonl.gz: OK
P-J-Weld-LimitsEnabled-true-0.jsonl.gz: OK
P-J-Weld-MaximumSpringTorque-0.0-0.jsonl.gz: OK
P-J-Weld-MaximumSpringTorque-0.25-0.jsonl.gz: OK
P-J-Weld-MaximumSpringTorque-10.0-0.jsonl.gz: OK
P-J-Weld-MaximumSpringTorqueEnabled-false-0.jsonl.gz: OK
P-J-Weld-MaximumSpringTorqueEnabled-toggle-0.jsonl.gz: OK
P-J-Weld-MaximumSpringTorqueEnabled-true-0.jsonl.gz: OK
P-J-Weld-SpringDamperEnabled-false-0.jsonl.gz: OK
P-J-Weld-SpringDamperEnabled-toggle-0.jsonl.gz: OK
P-J-Weld-SpringDamperEnabled-true-0.jsonl.gz: OK
P-J-Weld-SpringDampingRatio-0.0-0.jsonl.gz: OK
P-J-Weld-SpringDampingRatio-0.2-0.jsonl.gz: OK
P-J-Weld-SpringDampingRatio-1.0-0.jsonl.gz: OK
P-J-Weld-SpringEnabled-false-0.jsonl.gz: OK
P-J-Weld-SpringEnabled-toggle-0.jsonl.gz: OK
P-J-Weld-SpringEnabled-true-0.jsonl.gz: OK
P-J-Weld-SpringFrequency-2.0-0.jsonl.gz: OK
P-J-Weld-SpringFrequency-8.0-0.jsonl.gz: OK
P-J-Weld-initial-0.jsonl.gz: OK
P-J-Weld-interaction-0.jsonl.gz: OK
P-J-Weld-limits-equal-0.jsonl.gz: OK
P-J-Weld-limits-range-0.jsonl.gz: OK
P-J-Weld-stiffness-from-2.0Hz-0x1.07307fd73e4e4p3-0.jsonl.gz: OK
P-J-Weld-stiffness-from-8.0Hz-0x1.07307fd73e4e4p7-0.jsonl.gz: OK
P-J-Wheel-LimitsEnabled-false-0.jsonl.gz: OK
P-J-Wheel-LimitsEnabled-toggle-0.jsonl.gz: OK
P-J-Wheel-LimitsEnabled-true-0.jsonl.gz: OK
P-J-Wheel-LowerLimitEnabled-false-0.jsonl.gz: OK
P-J-Wheel-LowerLimitEnabled-toggle-0.jsonl.gz: OK
P-J-Wheel-LowerLimitEnabled-true-0.jsonl.gz: OK
P-J-Wheel-MaximumMotorTorque-0.0-0.jsonl.gz: OK
P-J-Wheel-MaximumMotorTorque-0.25-0.jsonl.gz: OK
P-J-Wheel-MaximumMotorTorque-10.0-0.jsonl.gz: OK
P-J-Wheel-MaximumMotorTorqueEnabled-false-0.jsonl.gz: OK
P-J-Wheel-MaximumMotorTorqueEnabled-toggle-0.jsonl.gz: OK
P-J-Wheel-MaximumMotorTorqueEnabled-true-0.jsonl.gz: OK
P-J-Wheel-MaximumSpringForce-0.0-0.jsonl.gz: OK
P-J-Wheel-MaximumSpringForce-10.0-0.jsonl.gz: OK
P-J-Wheel-MaximumSpringForce-1000.0-0.jsonl.gz: OK
P-J-Wheel-MaximumSpringForceEnabled-false-0.jsonl.gz: OK
P-J-Wheel-MaximumSpringForceEnabled-toggle-0.jsonl.gz: OK
P-J-Wheel-MaximumSpringForceEnabled-true-0.jsonl.gz: OK
P-J-Wheel-MotorEnabled-false-0.jsonl.gz: OK
P-J-Wheel-MotorEnabled-toggle-0.jsonl.gz: OK
P-J-Wheel-MotorEnabled-true-0.jsonl.gz: OK
P-J-Wheel-MotorSpeed--1.5707963267948966-0.jsonl.gz: OK
P-J-Wheel-MotorSpeed-0.0-0.jsonl.gz: OK
P-J-Wheel-MotorSpeed-1.5707963267948966-0.jsonl.gz: OK
P-J-Wheel-SpringDamperEnabled-false-0.jsonl.gz: OK
P-J-Wheel-SpringDamperEnabled-toggle-0.jsonl.gz: OK
P-J-Wheel-SpringDamperEnabled-true-0.jsonl.gz: OK
P-J-Wheel-SpringDampingRatio-0.0-0.jsonl.gz: OK
P-J-Wheel-SpringDampingRatio-0.2-0.jsonl.gz: OK
P-J-Wheel-SpringDampingRatio-1.0-0.jsonl.gz: OK
P-J-Wheel-SpringEnabled-false-0.jsonl.gz: OK
P-J-Wheel-SpringEnabled-toggle-0.jsonl.gz: OK
P-J-Wheel-SpringEnabled-true-0.jsonl.gz: OK
P-J-Wheel-SpringFrequency-2.0-0.jsonl.gz: OK
P-J-Wheel-SpringFrequency-8.0-0.jsonl.gz: OK
P-J-Wheel-UpperLimitEnabled-false-0.jsonl.gz: OK
P-J-Wheel-UpperLimitEnabled-toggle-0.jsonl.gz: OK
P-J-Wheel-UpperLimitEnabled-true-0.jsonl.gz: OK
P-J-Wheel-initial-0.jsonl.gz: OK
P-J-Wheel-interaction-0.jsonl.gz: OK
P-J-Wheel-limits-equal-0.jsonl.gz: OK
P-J-Wheel-limits-range-0.jsonl.gz: OK
P-J-Wheel-stiffness-from-2.0Hz-0x1.f019b59389d7bp6-0.jsonl.gz: OK
P-J-Wheel-stiffness-from-8.0Hz-0x1.f019b59389d7bp10-0.jsonl.gz: OK
U-AngleJointSimulationTest.simpleLinkage-0.jsonl.gz: OK
U-AngleJointSimulationTest.simpleLinkage-1.jsonl.gz: OK
U-AngleJointSimulationTest.simpleLinkage-2.jsonl.gz: OK
U-AngleJointSimulationTest.withLimitsHitLower-0.jsonl.gz: OK
U-AngleJointSimulationTest.withLimitsHitLower-40.jsonl.gz: OK
U-AngleJointSimulationTest.withLimitsHitUpper-0.jsonl.gz: OK
U-AngleJointSimulationTest.withLimitsHitUpper-40.jsonl.gz: OK
U-DistanceJointSimulationTest.fixedDistance-0.jsonl.gz: OK
U-DistanceJointSimulationTest.limits-0.jsonl.gz: OK
U-DistanceJointSimulationTest.limits-1.jsonl.gz: OK
U-DistanceJointSimulationTest.limits-2.jsonl.gz: OK
U-DistanceJointSimulationTest.limits-3.jsonl.gz: OK
U-DistanceJointSimulationTest.limits-4.jsonl.gz: OK
U-DistanceJointSimulationTest.limitsWithSpring-0.jsonl.gz: OK
U-DistanceJointSimulationTest.lowerLimitWithSpring-0.jsonl.gz: OK
U-DistanceJointSimulationTest.springOnly-0.jsonl.gz: OK
U-DistanceJointSimulationTest.springWithMaxForce-0.jsonl.gz: OK
U-DistanceJointSimulationTest.springWithMaxForce-1.jsonl.gz: OK
U-DistanceJointSimulationTest.upperLimitWithSpring-0.jsonl.gz: OK
U-ForceSimulationTest.applyTimed-0.jsonl.gz: OK
U-ForceSimulationTest.applyTimed-1.jsonl.gz: OK
U-FrictionJointSimulationTest.simulationWithLargeForceTorqueMaximums-0.jsonl.gz: OK
U-FrictionJointSimulationTest.simulationWithLargeForceTorqueMaximums-1.jsonl.gz: OK
U-FrictionJointSimulationTest.simulationWithLowForceTorqueMaximums-0.jsonl.gz: OK
U-FrictionJointSimulationTest.simulationWithLowForceTorqueMaximums-1.jsonl.gz: OK
U-FrictionJointSimulationTest.simulationWithLowForceTorqueMaximums-10.jsonl.gz: OK
U-FrictionJointSimulationTest.simulationWithLowForceTorqueMaximums-11.jsonl.gz: OK
U-FrictionJointSimulationTest.simulationWithLowForceTorqueMaximums-12.jsonl.gz: OK
U-FrictionJointSimulationTest.simulationWithLowForceTorqueMaximums-13.jsonl.gz: OK
U-FrictionJointSimulationTest.simulationWithLowForceTorqueMaximums-14.jsonl.gz: OK
U-FrictionJointSimulationTest.simulationWithLowForceTorqueMaximums-15.jsonl.gz: OK
U-FrictionJointSimulationTest.simulationWithLowForceTorqueMaximums-16.jsonl.gz: OK
U-FrictionJointSimulationTest.simulationWithLowForceTorqueMaximums-17.jsonl.gz: OK
U-FrictionJointSimulationTest.simulationWithLowForceTorqueMaximums-18.jsonl.gz: OK
U-FrictionJointSimulationTest.simulationWithLowForceTorqueMaximums-19.jsonl.gz: OK
U-FrictionJointSimulationTest.simulationWithLowForceTorqueMaximums-2.jsonl.gz: OK
U-FrictionJointSimulationTest.simulationWithLowForceTorqueMaximums-20.jsonl.gz: OK
U-FrictionJointSimulationTest.simulationWithLowForceTorqueMaximums-21.jsonl.gz: OK
U-FrictionJointSimulationTest.simulationWithLowForceTorqueMaximums-22.jsonl.gz: OK
U-FrictionJointSimulationTest.simulationWithLowForceTorqueMaximums-23.jsonl.gz: OK
U-FrictionJointSimulationTest.simulationWithLowForceTorqueMaximums-3.jsonl.gz: OK
U-FrictionJointSimulationTest.simulationWithLowForceTorqueMaximums-4.jsonl.gz: OK
U-FrictionJointSimulationTest.simulationWithLowForceTorqueMaximums-5.jsonl.gz: OK
U-FrictionJointSimulationTest.simulationWithLowForceTorqueMaximums-6.jsonl.gz: OK
U-FrictionJointSimulationTest.simulationWithLowForceTorqueMaximums-7.jsonl.gz: OK
U-FrictionJointSimulationTest.simulationWithLowForceTorqueMaximums-8.jsonl.gz: OK
U-FrictionJointSimulationTest.simulationWithLowForceTorqueMaximums-9.jsonl.gz: OK
U-MotorJointSimulationTest.simple-0.jsonl.gz: OK
U-MotorJointSimulationTest.simple-25.jsonl.gz: OK
U-MotorJointSimulationTest.simple-30.jsonl.gz: OK
U-PinJointSimulationTest.fixedLinearVelocity-0.jsonl.gz: OK
U-PinJointSimulationTest.noSpringDamper-0.jsonl.gz: OK
U-PrismaticJointSimulationTest.limits-0.jsonl.gz: OK
U-PrismaticJointSimulationTest.limits-1.jsonl.gz: OK
U-PrismaticJointSimulationTest.limits-2.jsonl.gz: OK
U-PrismaticJointSimulationTest.motorWithAndWithoutLimits-0.jsonl.gz: OK
U-PrismaticJointSimulationTest.motorWithAndWithoutLimits-1.jsonl.gz: OK
U-PrismaticJointSimulationTest.motorWithAndWithoutLimits-12.jsonl.gz: OK
U-PrismaticJointSimulationTest.motorWithAndWithoutLimits-13.jsonl.gz: OK
U-PrismaticJointSimulationTest.motorWithAndWithoutLimits-2.jsonl.gz: OK
U-PrismaticJointSimulationTest.noLimitsNoMotor-0.jsonl.gz: OK
U-PrismaticJointSimulationTest.noLimitsNoMotor-12.jsonl.gz: OK
U-PrismaticJointSimulationTest.noLimitsNoMotor-4.jsonl.gz: OK
U-PrismaticJointSimulationTest.noLimitsNoMotor-8.jsonl.gz: OK
U-PrismaticJointSimulationTest.springOnly-0.jsonl.gz: OK
U-PulleyJointSimulationTest.simpleLinkage-0.jsonl.gz: OK
U-PulleyJointSimulationTest.simpleLinkage-1.jsonl.gz: OK
U-PulleyJointSimulationTest.simpleLinkage-2.jsonl.gz: OK
U-PulleyJointSimulationTest.withAndWithoutSlack-0.jsonl.gz: OK
U-PulleyJointSimulationTest.withAndWithoutSlack-1.jsonl.gz: OK
U-PulleyJointSimulationTest.withAndWithoutSlack-3.jsonl.gz: OK
U-RevoluteJointSimulationTest.limits-0.jsonl.gz: OK
U-RevoluteJointSimulationTest.limits-1.jsonl.gz: OK
U-RevoluteJointSimulationTest.limits-2.jsonl.gz: OK
U-RevoluteJointSimulationTest.motorWithAndWithoutLimits-0.jsonl.gz: OK
U-RevoluteJointSimulationTest.motorWithAndWithoutLimits-1.jsonl.gz: OK
U-RevoluteJointSimulationTest.motorWithAndWithoutLimits-31.jsonl.gz: OK
U-RevoluteJointSimulationTest.motorWithAndWithoutLimits-32.jsonl.gz: OK
U-RevoluteJointSimulationTest.noLimitsNoMotor-0.jsonl.gz: OK
U-RevoluteJointSimulationTest.noLimitsNoMotor-12.jsonl.gz: OK
U-RevoluteJointSimulationTest.noLimitsNoMotor-4.jsonl.gz: OK
U-RevoluteJointSimulationTest.noLimitsNoMotor-8.jsonl.gz: OK
U-TorqueSimulationTest.applyTimed-0.jsonl.gz: OK
U-TorqueSimulationTest.applyTimed-1.jsonl.gz: OK
U-WeldJointSimulationTest.softConstraint-0.jsonl.gz: OK
U-WeldJointSimulationTest.softConstraint-1.jsonl.gz: OK
U-WeldJointSimulationTest.softConstraint-21.jsonl.gz: OK
U-WeldJointSimulationTest.softConstraintWithLimitsLower-0.jsonl.gz: OK
U-WeldJointSimulationTest.softConstraintWithLimitsUpper-0.jsonl.gz: OK
U-WeldJointSimulationTest.standard-0.jsonl.gz: OK
U-WeldJointSimulationTest.standard-12.jsonl.gz: OK
U-WeldJointSimulationTest.standard-4.jsonl.gz: OK
U-WeldJointSimulationTest.standard-8.jsonl.gz: OK
U-WheelJointSimulationTest.limitsOnly-0.jsonl.gz: OK
U-WheelJointSimulationTest.limitsOnly-111.jsonl.gz: OK
U-WheelJointSimulationTest.limitsOnly-30.jsonl.gz: OK
U-WheelJointSimulationTest.limitsOnly-60.jsonl.gz: OK
U-WheelJointSimulationTest.limitsOnly-61.jsonl.gz: OK
U-WheelJointSimulationTest.motorOnly-0.jsonl.gz: OK
U-WheelJointSimulationTest.noLimitsNoMotor-0.jsonl.gz: OK
U-WheelJointSimulationTest.noLimitsNoMotor-12.jsonl.gz: OK
U-WheelJointSimulationTest.noLimitsNoMotor-4.jsonl.gz: OK
U-WheelJointSimulationTest.noLimitsNoMotor-8.jsonl.gz: OK
U-WheelJointSimulationTest.springDamperWithLimits-0.jsonl.gz: OK
U-WheelJointSimulationTest.springDamperWithLimits-20.jsonl.gz: OK
U-WheelJointSimulationTest.springDamperWithLimits-22.jsonl.gz: OK
U-WheelJointSimulationTest.springDamperWithLimits-24.jsonl.gz: OK
U-scale-fixedDistance-0.01--1000.0-1000.0-0.jsonl.gz: OK
U-scale-fixedDistance-0.01--1000000.0-1000000.0-0.jsonl.gz: OK
U-scale-fixedDistance-0.01-0.0-0.0-0.jsonl.gz: OK
U-scale-fixedDistance-0.01-1000.0-1000.0-0.jsonl.gz: OK
U-scale-fixedDistance-0.01-1000000.0--1000000.0-0.jsonl.gz: OK
U-scale-fixedDistance-1.0--1000.0-1000.0-0.jsonl.gz: OK
U-scale-fixedDistance-1.0--1000000.0-1000000.0-0.jsonl.gz: OK
U-scale-fixedDistance-1.0-0.0-0.0-0.jsonl.gz: OK
U-scale-fixedDistance-1.0-1000.0-1000.0-0.jsonl.gz: OK
U-scale-fixedDistance-1.0-1000000.0--1000000.0-0.jsonl.gz: OK
U-scale-fixedDistance-100.0--1000.0-1000.0-0.jsonl.gz: OK
U-scale-fixedDistance-100.0--1000000.0-1000000.0-0.jsonl.gz: OK
U-scale-fixedDistance-100.0-0.0-0.0-0.jsonl.gz: OK
U-scale-fixedDistance-100.0-1000.0-1000.0-0.jsonl.gz: OK
U-scale-fixedDistance-100.0-1000000.0--1000000.0-0.jsonl.gz: OK
U-scale-motorWithAndWithoutLimits-0.01--1000.0-1000.0-0.jsonl.gz: OK
U-scale-motorWithAndWithoutLimits-0.01--1000.0-1000.0-1.jsonl.gz: OK
U-scale-motorWithAndWithoutLimits-0.01--1000.0-1000.0-31.jsonl.gz: OK
U-scale-motorWithAndWithoutLimits-0.01--1000.0-1000.0-32.jsonl.gz: OK
U-scale-motorWithAndWithoutLimits-0.01--1000000.0-1000000.0-0.jsonl.gz: OK
U-scale-motorWithAndWithoutLimits-0.01--1000000.0-1000000.0-1.jsonl.gz: OK
U-scale-motorWithAndWithoutLimits-0.01--1000000.0-1000000.0-31.jsonl.gz: OK
U-scale-motorWithAndWithoutLimits-0.01--1000000.0-1000000.0-32.jsonl.gz: OK
U-scale-motorWithAndWithoutLimits-0.01-0.0-0.0-0.jsonl.gz: OK
U-scale-motorWithAndWithoutLimits-0.01-0.0-0.0-1.jsonl.gz: OK
U-scale-motorWithAndWithoutLimits-0.01-0.0-0.0-31.jsonl.gz: OK
U-scale-motorWithAndWithoutLimits-0.01-0.0-0.0-32.jsonl.gz: OK
U-scale-motorWithAndWithoutLimits-0.01-1000.0-1000.0-0.jsonl.gz: OK
U-scale-motorWithAndWithoutLimits-0.01-1000.0-1000.0-1.jsonl.gz: OK
U-scale-motorWithAndWithoutLimits-0.01-1000.0-1000.0-31.jsonl.gz: OK
U-scale-motorWithAndWithoutLimits-0.01-1000.0-1000.0-32.jsonl.gz: OK
U-scale-motorWithAndWithoutLimits-0.01-1000000.0--1000000.0-0.jsonl.gz: OK
U-scale-motorWithAndWithoutLimits-0.01-1000000.0--1000000.0-1.jsonl.gz: OK
U-scale-motorWithAndWithoutLimits-0.01-1000000.0--1000000.0-31.jsonl.gz: OK
U-scale-motorWithAndWithoutLimits-0.01-1000000.0--1000000.0-32.jsonl.gz: OK
U-scale-motorWithAndWithoutLimits-1.0--1000.0-1000.0-0.jsonl.gz: OK
U-scale-motorWithAndWithoutLimits-1.0--1000.0-1000.0-1.jsonl.gz: OK
U-scale-motorWithAndWithoutLimits-1.0--1000.0-1000.0-31.jsonl.gz: OK
U-scale-motorWithAndWithoutLimits-1.0--1000.0-1000.0-32.jsonl.gz: OK
U-scale-motorWithAndWithoutLimits-1.0--1000000.0-1000000.0-0.jsonl.gz: OK
U-scale-motorWithAndWithoutLimits-1.0--1000000.0-1000000.0-1.jsonl.gz: OK
U-scale-motorWithAndWithoutLimits-1.0--1000000.0-1000000.0-31.jsonl.gz: OK
U-scale-motorWithAndWithoutLimits-1.0--1000000.0-1000000.0-32.jsonl.gz: OK
U-scale-motorWithAndWithoutLimits-1.0-0.0-0.0-0.jsonl.gz: OK
U-scale-motorWithAndWithoutLimits-1.0-0.0-0.0-1.jsonl.gz: OK
U-scale-motorWithAndWithoutLimits-1.0-0.0-0.0-31.jsonl.gz: OK
U-scale-motorWithAndWithoutLimits-1.0-0.0-0.0-32.jsonl.gz: OK
U-scale-motorWithAndWithoutLimits-1.0-1000.0-1000.0-0.jsonl.gz: OK
U-scale-motorWithAndWithoutLimits-1.0-1000.0-1000.0-1.jsonl.gz: OK
U-scale-motorWithAndWithoutLimits-1.0-1000.0-1000.0-31.jsonl.gz: OK
U-scale-motorWithAndWithoutLimits-1.0-1000.0-1000.0-32.jsonl.gz: OK
U-scale-motorWithAndWithoutLimits-1.0-1000000.0--1000000.0-0.jsonl.gz: OK
U-scale-motorWithAndWithoutLimits-1.0-1000000.0--1000000.0-1.jsonl.gz: OK
U-scale-motorWithAndWithoutLimits-1.0-1000000.0--1000000.0-31.jsonl.gz: OK
U-scale-motorWithAndWithoutLimits-1.0-1000000.0--1000000.0-32.jsonl.gz: OK
U-scale-motorWithAndWithoutLimits-100.0--1000.0-1000.0-0.jsonl.gz: OK
U-scale-motorWithAndWithoutLimits-100.0--1000.0-1000.0-1.jsonl.gz: OK
U-scale-motorWithAndWithoutLimits-100.0--1000.0-1000.0-31.jsonl.gz: OK
U-scale-motorWithAndWithoutLimits-100.0--1000.0-1000.0-32.jsonl.gz: OK
U-scale-motorWithAndWithoutLimits-100.0--1000000.0-1000000.0-0.jsonl.gz: OK
U-scale-motorWithAndWithoutLimits-100.0--1000000.0-1000000.0-1.jsonl.gz: OK
U-scale-motorWithAndWithoutLimits-100.0--1000000.0-1000000.0-31.jsonl.gz: OK
U-scale-motorWithAndWithoutLimits-100.0--1000000.0-1000000.0-32.jsonl.gz: OK
U-scale-motorWithAndWithoutLimits-100.0-0.0-0.0-0.jsonl.gz: OK
U-scale-motorWithAndWithoutLimits-100.0-0.0-0.0-1.jsonl.gz: OK
U-scale-motorWithAndWithoutLimits-100.0-0.0-0.0-31.jsonl.gz: OK
U-scale-motorWithAndWithoutLimits-100.0-0.0-0.0-32.jsonl.gz: OK
U-scale-motorWithAndWithoutLimits-100.0-1000.0-1000.0-0.jsonl.gz: OK
U-scale-motorWithAndWithoutLimits-100.0-1000.0-1000.0-1.jsonl.gz: OK
U-scale-motorWithAndWithoutLimits-100.0-1000.0-1000.0-31.jsonl.gz: OK
U-scale-motorWithAndWithoutLimits-100.0-1000.0-1000.0-32.jsonl.gz: OK
U-scale-motorWithAndWithoutLimits-100.0-1000000.0--1000000.0-0.jsonl.gz: OK
U-scale-motorWithAndWithoutLimits-100.0-1000000.0--1000000.0-1.jsonl.gz: OK
U-scale-motorWithAndWithoutLimits-100.0-1000000.0--1000000.0-31.jsonl.gz: OK
U-scale-motorWithAndWithoutLimits-100.0-1000000.0--1000000.0-32.jsonl.gz: OK
C-bounce-e0.0-s0.01-o-1000.0_1000.0-hz120-0.jsonl.gz: OK
C-bounce-e0.0-s0.01-o-1000.0_1000.0-hz30-0.jsonl.gz: OK
C-bounce-e0.0-s0.01-o-1000.0_1000.0-hz60-0.jsonl.gz: OK
C-bounce-e0.0-s0.01-o-1000000.0_1000000.0-hz120-0.jsonl.gz: OK
C-bounce-e0.0-s0.01-o-1000000.0_1000000.0-hz30-0.jsonl.gz: OK
C-bounce-e0.0-s0.01-o-1000000.0_1000000.0-hz60-0.jsonl.gz: OK
C-bounce-e0.0-s0.01-o0.0_0.0-hz120-0.jsonl.gz: OK
C-bounce-e0.0-s0.01-o0.0_0.0-hz30-0.jsonl.gz: OK
C-bounce-e0.0-s0.01-o0.0_0.0-hz60-0.jsonl.gz: OK
C-bounce-e0.0-s0.01-o1000.0_1000.0-hz120-0.jsonl.gz: OK
C-bounce-e0.0-s0.01-o1000.0_1000.0-hz30-0.jsonl.gz: OK
C-bounce-e0.0-s0.01-o1000.0_1000.0-hz60-0.jsonl.gz: OK
C-bounce-e0.0-s0.01-o1000000.0_-1000000.0-hz120-0.jsonl.gz: OK
C-bounce-e0.0-s0.01-o1000000.0_-1000000.0-hz30-0.jsonl.gz: OK
C-bounce-e0.0-s0.01-o1000000.0_-1000000.0-hz60-0.jsonl.gz: OK
C-bounce-e0.0-s1.0-o-1000.0_1000.0-hz120-0.jsonl.gz: OK
C-bounce-e0.0-s1.0-o-1000.0_1000.0-hz30-0.jsonl.gz: OK
C-bounce-e0.0-s1.0-o-1000.0_1000.0-hz60-0.jsonl.gz: OK
C-bounce-e0.0-s1.0-o-1000000.0_1000000.0-hz120-0.jsonl.gz: OK
C-bounce-e0.0-s1.0-o-1000000.0_1000000.0-hz30-0.jsonl.gz: OK
C-bounce-e0.0-s1.0-o-1000000.0_1000000.0-hz60-0.jsonl.gz: OK
C-bounce-e0.0-s1.0-o0.0_0.0-hz120-0.jsonl.gz: OK
C-bounce-e0.0-s1.0-o0.0_0.0-hz30-0.jsonl.gz: OK
C-bounce-e0.0-s1.0-o0.0_0.0-hz60-0.jsonl.gz: OK
C-bounce-e0.0-s1.0-o1000.0_1000.0-hz120-0.jsonl.gz: OK
C-bounce-e0.0-s1.0-o1000.0_1000.0-hz30-0.jsonl.gz: OK
C-bounce-e0.0-s1.0-o1000.0_1000.0-hz60-0.jsonl.gz: OK
C-bounce-e0.0-s1.0-o1000000.0_-1000000.0-hz120-0.jsonl.gz: OK
C-bounce-e0.0-s1.0-o1000000.0_-1000000.0-hz30-0.jsonl.gz: OK
C-bounce-e0.0-s1.0-o1000000.0_-1000000.0-hz60-0.jsonl.gz: OK
C-bounce-e0.0-s100.0-o-1000.0_1000.0-hz120-0.jsonl.gz: OK
C-bounce-e0.0-s100.0-o-1000.0_1000.0-hz30-0.jsonl.gz: OK
C-bounce-e0.0-s100.0-o-1000.0_1000.0-hz60-0.jsonl.gz: OK
C-bounce-e0.0-s100.0-o-1000000.0_1000000.0-hz120-0.jsonl.gz: OK
C-bounce-e0.0-s100.0-o-1000000.0_1000000.0-hz30-0.jsonl.gz: OK
C-bounce-e0.0-s100.0-o-1000000.0_1000000.0-hz60-0.jsonl.gz: OK
C-bounce-e0.0-s100.0-o0.0_0.0-hz120-0.jsonl.gz: OK
C-bounce-e0.0-s100.0-o0.0_0.0-hz30-0.jsonl.gz: OK
C-bounce-e0.0-s100.0-o0.0_0.0-hz60-0.jsonl.gz: OK
C-bounce-e0.0-s100.0-o1000.0_1000.0-hz120-0.jsonl.gz: OK
C-bounce-e0.0-s100.0-o1000.0_1000.0-hz30-0.jsonl.gz: OK
C-bounce-e0.0-s100.0-o1000.0_1000.0-hz60-0.jsonl.gz: OK
C-bounce-e0.0-s100.0-o1000000.0_-1000000.0-hz120-0.jsonl.gz: OK
C-bounce-e0.0-s100.0-o1000000.0_-1000000.0-hz30-0.jsonl.gz: OK
C-bounce-e0.0-s100.0-o1000000.0_-1000000.0-hz60-0.jsonl.gz: OK
C-bounce-e0.5-s0.01-o-1000.0_1000.0-hz120-0.jsonl.gz: OK
C-bounce-e0.5-s0.01-o-1000.0_1000.0-hz30-0.jsonl.gz: OK
C-bounce-e0.5-s0.01-o-1000.0_1000.0-hz60-0.jsonl.gz: OK
C-bounce-e0.5-s0.01-o-1000000.0_1000000.0-hz120-0.jsonl.gz: OK
C-bounce-e0.5-s0.01-o-1000000.0_1000000.0-hz30-0.jsonl.gz: OK
C-bounce-e0.5-s0.01-o-1000000.0_1000000.0-hz60-0.jsonl.gz: OK
C-bounce-e0.5-s0.01-o0.0_0.0-hz120-0.jsonl.gz: OK
C-bounce-e0.5-s0.01-o0.0_0.0-hz30-0.jsonl.gz: OK
C-bounce-e0.5-s0.01-o0.0_0.0-hz60-0.jsonl.gz: OK
C-bounce-e0.5-s0.01-o1000.0_1000.0-hz120-0.jsonl.gz: OK
C-bounce-e0.5-s0.01-o1000.0_1000.0-hz30-0.jsonl.gz: OK
C-bounce-e0.5-s0.01-o1000.0_1000.0-hz60-0.jsonl.gz: OK
C-bounce-e0.5-s0.01-o1000000.0_-1000000.0-hz120-0.jsonl.gz: OK
C-bounce-e0.5-s0.01-o1000000.0_-1000000.0-hz30-0.jsonl.gz: OK
C-bounce-e0.5-s0.01-o1000000.0_-1000000.0-hz60-0.jsonl.gz: OK
C-bounce-e0.5-s1.0-o-1000.0_1000.0-hz120-0.jsonl.gz: OK
C-bounce-e0.5-s1.0-o-1000.0_1000.0-hz30-0.jsonl.gz: OK
C-bounce-e0.5-s1.0-o-1000.0_1000.0-hz60-0.jsonl.gz: OK
C-bounce-e0.5-s1.0-o-1000000.0_1000000.0-hz120-0.jsonl.gz: OK
C-bounce-e0.5-s1.0-o-1000000.0_1000000.0-hz30-0.jsonl.gz: OK
C-bounce-e0.5-s1.0-o-1000000.0_1000000.0-hz60-0.jsonl.gz: OK
C-bounce-e0.5-s1.0-o0.0_0.0-hz120-0.jsonl.gz: OK
C-bounce-e0.5-s1.0-o0.0_0.0-hz30-0.jsonl.gz: OK
C-bounce-e0.5-s1.0-o0.0_0.0-hz60-0.jsonl.gz: OK
C-bounce-e0.5-s1.0-o1000.0_1000.0-hz120-0.jsonl.gz: OK
C-bounce-e0.5-s1.0-o1000.0_1000.0-hz30-0.jsonl.gz: OK
C-bounce-e0.5-s1.0-o1000.0_1000.0-hz60-0.jsonl.gz: OK
C-bounce-e0.5-s1.0-o1000000.0_-1000000.0-hz120-0.jsonl.gz: OK
C-bounce-e0.5-s1.0-o1000000.0_-1000000.0-hz30-0.jsonl.gz: OK
C-bounce-e0.5-s1.0-o1000000.0_-1000000.0-hz60-0.jsonl.gz: OK
C-bounce-e0.5-s100.0-o-1000.0_1000.0-hz120-0.jsonl.gz: OK
C-bounce-e0.5-s100.0-o-1000.0_1000.0-hz30-0.jsonl.gz: OK
C-bounce-e0.5-s100.0-o-1000.0_1000.0-hz60-0.jsonl.gz: OK
C-bounce-e0.5-s100.0-o-1000000.0_1000000.0-hz120-0.jsonl.gz: OK
C-bounce-e0.5-s100.0-o-1000000.0_1000000.0-hz30-0.jsonl.gz: OK
C-bounce-e0.5-s100.0-o-1000000.0_1000000.0-hz60-0.jsonl.gz: OK
C-bounce-e0.5-s100.0-o0.0_0.0-hz120-0.jsonl.gz: OK
C-bounce-e0.5-s100.0-o0.0_0.0-hz30-0.jsonl.gz: OK
C-bounce-e0.5-s100.0-o0.0_0.0-hz60-0.jsonl.gz: OK
C-bounce-e0.5-s100.0-o1000.0_1000.0-hz120-0.jsonl.gz: OK
C-bounce-e0.5-s100.0-o1000.0_1000.0-hz30-0.jsonl.gz: OK
C-bounce-e0.5-s100.0-o1000.0_1000.0-hz60-0.jsonl.gz: OK
C-bounce-e0.5-s100.0-o1000000.0_-1000000.0-hz120-0.jsonl.gz: OK
C-bounce-e0.5-s100.0-o1000000.0_-1000000.0-hz30-0.jsonl.gz: OK
C-bounce-e0.5-s100.0-o1000000.0_-1000000.0-hz60-0.jsonl.gz: OK
C-bounce-e1.0-s0.01-o-1000.0_1000.0-hz120-0.jsonl.gz: OK
C-bounce-e1.0-s0.01-o-1000.0_1000.0-hz30-0.jsonl.gz: OK
C-bounce-e1.0-s0.01-o-1000.0_1000.0-hz60-0.jsonl.gz: OK
C-bounce-e1.0-s0.01-o-1000000.0_1000000.0-hz120-0.jsonl.gz: OK
C-bounce-e1.0-s0.01-o-1000000.0_1000000.0-hz30-0.jsonl.gz: OK
C-bounce-e1.0-s0.01-o-1000000.0_1000000.0-hz60-0.jsonl.gz: OK
C-bounce-e1.0-s0.01-o0.0_0.0-hz120-0.jsonl.gz: OK
C-bounce-e1.0-s0.01-o0.0_0.0-hz30-0.jsonl.gz: OK
C-bounce-e1.0-s0.01-o0.0_0.0-hz60-0.jsonl.gz: OK
C-bounce-e1.0-s0.01-o1000.0_1000.0-hz120-0.jsonl.gz: OK
C-bounce-e1.0-s0.01-o1000.0_1000.0-hz30-0.jsonl.gz: OK
C-bounce-e1.0-s0.01-o1000.0_1000.0-hz60-0.jsonl.gz: OK
C-bounce-e1.0-s0.01-o1000000.0_-1000000.0-hz120-0.jsonl.gz: OK
C-bounce-e1.0-s0.01-o1000000.0_-1000000.0-hz30-0.jsonl.gz: OK
C-bounce-e1.0-s0.01-o1000000.0_-1000000.0-hz60-0.jsonl.gz: OK
C-bounce-e1.0-s1.0-o-1000.0_1000.0-hz120-0.jsonl.gz: OK
C-bounce-e1.0-s1.0-o-1000.0_1000.0-hz30-0.jsonl.gz: OK
C-bounce-e1.0-s1.0-o-1000.0_1000.0-hz60-0.jsonl.gz: OK
C-bounce-e1.0-s1.0-o-1000000.0_1000000.0-hz120-0.jsonl.gz: OK
C-bounce-e1.0-s1.0-o-1000000.0_1000000.0-hz30-0.jsonl.gz: OK
C-bounce-e1.0-s1.0-o-1000000.0_1000000.0-hz60-0.jsonl.gz: OK
C-bounce-e1.0-s1.0-o0.0_0.0-hz120-0.jsonl.gz: OK
C-bounce-e1.0-s1.0-o0.0_0.0-hz30-0.jsonl.gz: OK
C-bounce-e1.0-s1.0-o0.0_0.0-hz60-0.jsonl.gz: OK
C-bounce-e1.0-s1.0-o1000.0_1000.0-hz120-0.jsonl.gz: OK
C-bounce-e1.0-s1.0-o1000.0_1000.0-hz30-0.jsonl.gz: OK
C-bounce-e1.0-s1.0-o1000.0_1000.0-hz60-0.jsonl.gz: OK
C-bounce-e1.0-s1.0-o1000000.0_-1000000.0-hz120-0.jsonl.gz: OK
C-bounce-e1.0-s1.0-o1000000.0_-1000000.0-hz30-0.jsonl.gz: OK
C-bounce-e1.0-s1.0-o1000000.0_-1000000.0-hz60-0.jsonl.gz: OK
C-bounce-e1.0-s100.0-o-1000.0_1000.0-hz120-0.jsonl.gz: OK
C-bounce-e1.0-s100.0-o-1000.0_1000.0-hz30-0.jsonl.gz: OK
C-bounce-e1.0-s100.0-o-1000.0_1000.0-hz60-0.jsonl.gz: OK
C-bounce-e1.0-s100.0-o-1000000.0_1000000.0-hz120-0.jsonl.gz: OK
C-bounce-e1.0-s100.0-o-1000000.0_1000000.0-hz30-0.jsonl.gz: OK
C-bounce-e1.0-s100.0-o-1000000.0_1000000.0-hz60-0.jsonl.gz: OK
C-bounce-e1.0-s100.0-o0.0_0.0-hz120-0.jsonl.gz: OK
C-bounce-e1.0-s100.0-o0.0_0.0-hz30-0.jsonl.gz: OK
C-bounce-e1.0-s100.0-o0.0_0.0-hz60-0.jsonl.gz: OK
C-bounce-e1.0-s100.0-o1000.0_1000.0-hz120-0.jsonl.gz: OK
C-bounce-e1.0-s100.0-o1000.0_1000.0-hz30-0.jsonl.gz: OK
C-bounce-e1.0-s100.0-o1000.0_1000.0-hz60-0.jsonl.gz: OK
C-bounce-e1.0-s100.0-o1000000.0_-1000000.0-hz120-0.jsonl.gz: OK
C-bounce-e1.0-s100.0-o1000000.0_-1000000.0-hz30-0.jsonl.gz: OK
C-bounce-e1.0-s100.0-o1000000.0_-1000000.0-hz60-0.jsonl.gz: OK
C-slide-s0.01-o-1000.0_1000.0-hz60-0.jsonl.gz: OK
C-slide-s0.01-o-1000000.0_1000000.0-hz60-0.jsonl.gz: OK
C-slide-s0.01-o0.0_0.0-hz60-0.jsonl.gz: OK
C-slide-s0.01-o1000.0_1000.0-hz60-0.jsonl.gz: OK
C-slide-s0.01-o1000000.0_-1000000.0-hz60-0.jsonl.gz: OK
C-slide-s1.0-o-1000.0_1000.0-hz60-0.jsonl.gz: OK
C-slide-s1.0-o-1000000.0_1000000.0-hz60-0.jsonl.gz: OK
C-slide-s1.0-o0.0_0.0-hz60-0.jsonl.gz: OK
C-slide-s1.0-o1000.0_1000.0-hz60-0.jsonl.gz: OK
C-slide-s1.0-o1000000.0_-1000000.0-hz60-0.jsonl.gz: OK
C-slide-s100.0-o-1000.0_1000.0-hz60-0.jsonl.gz: OK
C-slide-s100.0-o-1000000.0_1000000.0-hz60-0.jsonl.gz: OK
C-slide-s100.0-o0.0_0.0-hz60-0.jsonl.gz: OK
C-slide-s100.0-o1000.0_1000.0-hz60-0.jsonl.gz: OK
C-slide-s100.0-o1000000.0_-1000000.0-hz60-0.jsonl.gz: OK
C-stack-s0.01-o-1000.0_1000.0-hz120-0.jsonl.gz: OK
C-stack-s0.01-o-1000.0_1000.0-hz30-0.jsonl.gz: OK
C-stack-s0.01-o-1000.0_1000.0-hz60-0.jsonl.gz: OK
C-stack-s0.01-o-1000000.0_1000000.0-hz120-0.jsonl.gz: OK
C-stack-s0.01-o-1000000.0_1000000.0-hz30-0.jsonl.gz: OK
C-stack-s0.01-o-1000000.0_1000000.0-hz60-0.jsonl.gz: OK
C-stack-s0.01-o0.0_0.0-hz120-0.jsonl.gz: OK
C-stack-s0.01-o0.0_0.0-hz30-0.jsonl.gz: OK
C-stack-s0.01-o0.0_0.0-hz60-0.jsonl.gz: OK
C-stack-s0.01-o1000.0_1000.0-hz120-0.jsonl.gz: OK
C-stack-s0.01-o1000.0_1000.0-hz30-0.jsonl.gz: OK
C-stack-s0.01-o1000.0_1000.0-hz60-0.jsonl.gz: OK
C-stack-s0.01-o1000000.0_-1000000.0-hz120-0.jsonl.gz: OK
C-stack-s0.01-o1000000.0_-1000000.0-hz30-0.jsonl.gz: OK
C-stack-s0.01-o1000000.0_-1000000.0-hz60-0.jsonl.gz: OK
C-stack-s1.0-o-1000.0_1000.0-hz120-0.jsonl.gz: OK
C-stack-s1.0-o-1000.0_1000.0-hz30-0.jsonl.gz: OK
C-stack-s1.0-o-1000.0_1000.0-hz60-0.jsonl.gz: OK
C-stack-s1.0-o-1000000.0_1000000.0-hz120-0.jsonl.gz: OK
C-stack-s1.0-o-1000000.0_1000000.0-hz30-0.jsonl.gz: OK
C-stack-s1.0-o-1000000.0_1000000.0-hz60-0.jsonl.gz: OK
C-stack-s1.0-o0.0_0.0-hz120-0.jsonl.gz: OK
C-stack-s1.0-o0.0_0.0-hz30-0.jsonl.gz: OK
C-stack-s1.0-o0.0_0.0-hz60-0.jsonl.gz: OK
C-stack-s1.0-o1000.0_1000.0-hz120-0.jsonl.gz: OK
C-stack-s1.0-o1000.0_1000.0-hz30-0.jsonl.gz: OK
C-stack-s1.0-o1000.0_1000.0-hz60-0.jsonl.gz: OK
C-stack-s1.0-o1000000.0_-1000000.0-hz120-0.jsonl.gz: OK
C-stack-s1.0-o1000000.0_-1000000.0-hz30-0.jsonl.gz: OK
C-stack-s1.0-o1000000.0_-1000000.0-hz60-0.jsonl.gz: OK
C-stack-s100.0-o-1000.0_1000.0-hz120-0.jsonl.gz: OK
C-stack-s100.0-o-1000.0_1000.0-hz30-0.jsonl.gz: OK
C-stack-s100.0-o-1000.0_1000.0-hz60-0.jsonl.gz: OK
C-stack-s100.0-o-1000000.0_1000000.0-hz120-0.jsonl.gz: OK
C-stack-s100.0-o-1000000.0_1000000.0-hz30-0.jsonl.gz: OK
C-stack-s100.0-o-1000000.0_1000000.0-hz60-0.jsonl.gz: OK
C-stack-s100.0-o0.0_0.0-hz120-0.jsonl.gz: OK
C-stack-s100.0-o0.0_0.0-hz30-0.jsonl.gz: OK
C-stack-s100.0-o0.0_0.0-hz60-0.jsonl.gz: OK
C-stack-s100.0-o1000.0_1000.0-hz120-0.jsonl.gz: OK
C-stack-s100.0-o1000.0_1000.0-hz30-0.jsonl.gz: OK
C-stack-s100.0-o1000.0_1000.0-hz60-0.jsonl.gz: OK
C-stack-s100.0-o1000000.0_-1000000.0-hz120-0.jsonl.gz: OK
C-stack-s100.0-o1000000.0_-1000000.0-hz30-0.jsonl.gz: OK
C-stack-s100.0-o1000000.0_-1000000.0-hz60-0.jsonl.gz: OK
CCD-world-circle-ALL-s0.01-o-1000.0_1000.0-hz120-0.jsonl.gz: OK
CCD-world-circle-ALL-s0.01-o-1000.0_1000.0-hz30-0.jsonl.gz: OK
CCD-world-circle-ALL-s0.01-o-1000.0_1000.0-hz60-0.jsonl.gz: OK
CCD-world-circle-ALL-s0.01-o-1000000.0_1000000.0-hz120-0.jsonl.gz: OK
CCD-world-circle-ALL-s0.01-o-1000000.0_1000000.0-hz30-0.jsonl.gz: OK
CCD-world-circle-ALL-s0.01-o-1000000.0_1000000.0-hz60-0.jsonl.gz: OK
CCD-world-circle-ALL-s0.01-o0.0_0.0-hz120-0.jsonl.gz: OK
CCD-world-circle-ALL-s0.01-o0.0_0.0-hz30-0.jsonl.gz: OK
CCD-world-circle-ALL-s0.01-o0.0_0.0-hz60-0.jsonl.gz: OK
CCD-world-circle-ALL-s0.01-o1000.0_1000.0-hz120-0.jsonl.gz: OK
CCD-world-circle-ALL-s0.01-o1000.0_1000.0-hz30-0.jsonl.gz: OK
CCD-world-circle-ALL-s0.01-o1000.0_1000.0-hz60-0.jsonl.gz: OK
CCD-world-circle-ALL-s0.01-o1000000.0_-1000000.0-hz120-0.jsonl.gz: OK
CCD-world-circle-ALL-s0.01-o1000000.0_-1000000.0-hz30-0.jsonl.gz: OK
CCD-world-circle-ALL-s0.01-o1000000.0_-1000000.0-hz60-0.jsonl.gz: OK
CCD-world-circle-ALL-s1.0-o-1000.0_1000.0-hz120-0.jsonl.gz: OK
CCD-world-circle-ALL-s1.0-o-1000.0_1000.0-hz30-0.jsonl.gz: OK
CCD-world-circle-ALL-s1.0-o-1000.0_1000.0-hz60-0.jsonl.gz: OK
CCD-world-circle-ALL-s1.0-o-1000000.0_1000000.0-hz120-0.jsonl.gz: OK
CCD-world-circle-ALL-s1.0-o-1000000.0_1000000.0-hz30-0.jsonl.gz: OK
CCD-world-circle-ALL-s1.0-o-1000000.0_1000000.0-hz60-0.jsonl.gz: OK
CCD-world-circle-ALL-s1.0-o0.0_0.0-hz120-0.jsonl.gz: OK
CCD-world-circle-ALL-s1.0-o0.0_0.0-hz30-0.jsonl.gz: OK
CCD-world-circle-ALL-s1.0-o0.0_0.0-hz60-0.jsonl.gz: OK
CCD-world-circle-ALL-s1.0-o1000.0_1000.0-hz120-0.jsonl.gz: OK
CCD-world-circle-ALL-s1.0-o1000.0_1000.0-hz30-0.jsonl.gz: OK
CCD-world-circle-ALL-s1.0-o1000.0_1000.0-hz60-0.jsonl.gz: OK
CCD-world-circle-ALL-s1.0-o1000000.0_-1000000.0-hz120-0.jsonl.gz: OK
CCD-world-circle-ALL-s1.0-o1000000.0_-1000000.0-hz30-0.jsonl.gz: OK
CCD-world-circle-ALL-s1.0-o1000000.0_-1000000.0-hz60-0.jsonl.gz: OK
CCD-world-circle-ALL-s100.0-o-1000.0_1000.0-hz120-0.jsonl.gz: OK
CCD-world-circle-ALL-s100.0-o-1000.0_1000.0-hz30-0.jsonl.gz: OK
CCD-world-circle-ALL-s100.0-o-1000.0_1000.0-hz60-0.jsonl.gz: OK
CCD-world-circle-ALL-s100.0-o-1000000.0_1000000.0-hz120-0.jsonl.gz: OK
CCD-world-circle-ALL-s100.0-o-1000000.0_1000000.0-hz30-0.jsonl.gz: OK
CCD-world-circle-ALL-s100.0-o-1000000.0_1000000.0-hz60-0.jsonl.gz: OK
CCD-world-circle-ALL-s100.0-o0.0_0.0-hz120-0.jsonl.gz: OK
CCD-world-circle-ALL-s100.0-o0.0_0.0-hz30-0.jsonl.gz: OK
CCD-world-circle-ALL-s100.0-o0.0_0.0-hz60-0.jsonl.gz: OK
CCD-world-circle-ALL-s100.0-o1000.0_1000.0-hz120-0.jsonl.gz: OK
CCD-world-circle-ALL-s100.0-o1000.0_1000.0-hz30-0.jsonl.gz: OK
CCD-world-circle-ALL-s100.0-o1000.0_1000.0-hz60-0.jsonl.gz: OK
CCD-world-circle-ALL-s100.0-o1000000.0_-1000000.0-hz120-0.jsonl.gz: OK
CCD-world-circle-ALL-s100.0-o1000000.0_-1000000.0-hz30-0.jsonl.gz: OK
CCD-world-circle-ALL-s100.0-o1000000.0_-1000000.0-hz60-0.jsonl.gz: OK
CCD-world-circle-NONE-s0.01-o-1000.0_1000.0-hz120-0.jsonl.gz: OK
CCD-world-circle-NONE-s0.01-o-1000.0_1000.0-hz30-0.jsonl.gz: OK
CCD-world-circle-NONE-s0.01-o-1000.0_1000.0-hz60-0.jsonl.gz: OK
CCD-world-circle-NONE-s0.01-o-1000000.0_1000000.0-hz120-0.jsonl.gz: OK
CCD-world-circle-NONE-s0.01-o-1000000.0_1000000.0-hz30-0.jsonl.gz: OK
CCD-world-circle-NONE-s0.01-o-1000000.0_1000000.0-hz60-0.jsonl.gz: OK
CCD-world-circle-NONE-s0.01-o0.0_0.0-hz120-0.jsonl.gz: OK
CCD-world-circle-NONE-s0.01-o0.0_0.0-hz30-0.jsonl.gz: OK
CCD-world-circle-NONE-s0.01-o0.0_0.0-hz60-0.jsonl.gz: OK
CCD-world-circle-NONE-s0.01-o1000.0_1000.0-hz120-0.jsonl.gz: OK
CCD-world-circle-NONE-s0.01-o1000.0_1000.0-hz30-0.jsonl.gz: OK
CCD-world-circle-NONE-s0.01-o1000.0_1000.0-hz60-0.jsonl.gz: OK
CCD-world-circle-NONE-s0.01-o1000000.0_-1000000.0-hz120-0.jsonl.gz: OK
CCD-world-circle-NONE-s0.01-o1000000.0_-1000000.0-hz30-0.jsonl.gz: OK
CCD-world-circle-NONE-s0.01-o1000000.0_-1000000.0-hz60-0.jsonl.gz: OK
CCD-world-circle-NONE-s1.0-o-1000.0_1000.0-hz120-0.jsonl.gz: OK
CCD-world-circle-NONE-s1.0-o-1000.0_1000.0-hz30-0.jsonl.gz: OK
CCD-world-circle-NONE-s1.0-o-1000.0_1000.0-hz60-0.jsonl.gz: OK
CCD-world-circle-NONE-s1.0-o-1000000.0_1000000.0-hz120-0.jsonl.gz: OK
CCD-world-circle-NONE-s1.0-o-1000000.0_1000000.0-hz30-0.jsonl.gz: OK
CCD-world-circle-NONE-s1.0-o-1000000.0_1000000.0-hz60-0.jsonl.gz: OK
CCD-world-circle-NONE-s1.0-o0.0_0.0-hz120-0.jsonl.gz: OK
CCD-world-circle-NONE-s1.0-o0.0_0.0-hz30-0.jsonl.gz: OK
CCD-world-circle-NONE-s1.0-o0.0_0.0-hz60-0.jsonl.gz: OK
CCD-world-circle-NONE-s1.0-o1000.0_1000.0-hz120-0.jsonl.gz: OK
CCD-world-circle-NONE-s1.0-o1000.0_1000.0-hz30-0.jsonl.gz: OK
CCD-world-circle-NONE-s1.0-o1000.0_1000.0-hz60-0.jsonl.gz: OK
CCD-world-circle-NONE-s1.0-o1000000.0_-1000000.0-hz120-0.jsonl.gz: OK
CCD-world-circle-NONE-s1.0-o1000000.0_-1000000.0-hz30-0.jsonl.gz: OK
CCD-world-circle-NONE-s1.0-o1000000.0_-1000000.0-hz60-0.jsonl.gz: OK
CCD-world-circle-NONE-s100.0-o-1000.0_1000.0-hz120-0.jsonl.gz: OK
CCD-world-circle-NONE-s100.0-o-1000.0_1000.0-hz30-0.jsonl.gz: OK
CCD-world-circle-NONE-s100.0-o-1000.0_1000.0-hz60-0.jsonl.gz: OK
CCD-world-circle-NONE-s100.0-o-1000000.0_1000000.0-hz120-0.jsonl.gz: OK
CCD-world-circle-NONE-s100.0-o-1000000.0_1000000.0-hz30-0.jsonl.gz: OK
CCD-world-circle-NONE-s100.0-o-1000000.0_1000000.0-hz60-0.jsonl.gz: OK
CCD-world-circle-NONE-s100.0-o0.0_0.0-hz120-0.jsonl.gz: OK
CCD-world-circle-NONE-s100.0-o0.0_0.0-hz30-0.jsonl.gz: OK
CCD-world-circle-NONE-s100.0-o0.0_0.0-hz60-0.jsonl.gz: OK
CCD-world-circle-NONE-s100.0-o1000.0_1000.0-hz120-0.jsonl.gz: OK
CCD-world-circle-NONE-s100.0-o1000.0_1000.0-hz30-0.jsonl.gz: OK
CCD-world-circle-NONE-s100.0-o1000.0_1000.0-hz60-0.jsonl.gz: OK
CCD-world-circle-NONE-s100.0-o1000000.0_-1000000.0-hz120-0.jsonl.gz: OK
CCD-world-circle-NONE-s100.0-o1000000.0_-1000000.0-hz30-0.jsonl.gz: OK
CCD-world-circle-NONE-s100.0-o1000000.0_-1000000.0-hz60-0.jsonl.gz: OK
CCD-world-pentagon-ALL-s0.01-o-1000.0_1000.0-hz120-0.jsonl.gz: OK
CCD-world-pentagon-ALL-s0.01-o-1000.0_1000.0-hz30-0.jsonl.gz: OK
CCD-world-pentagon-ALL-s0.01-o-1000.0_1000.0-hz60-0.jsonl.gz: OK
CCD-world-pentagon-ALL-s0.01-o-1000000.0_1000000.0-hz120-0.jsonl.gz: OK
CCD-world-pentagon-ALL-s0.01-o-1000000.0_1000000.0-hz30-0.jsonl.gz: OK
CCD-world-pentagon-ALL-s0.01-o-1000000.0_1000000.0-hz60-0.jsonl.gz: OK
CCD-world-pentagon-ALL-s0.01-o0.0_0.0-hz120-0.jsonl.gz: OK
CCD-world-pentagon-ALL-s0.01-o0.0_0.0-hz30-0.jsonl.gz: OK
CCD-world-pentagon-ALL-s0.01-o0.0_0.0-hz60-0.jsonl.gz: OK
CCD-world-pentagon-ALL-s0.01-o1000.0_1000.0-hz120-0.jsonl.gz: OK
CCD-world-pentagon-ALL-s0.01-o1000.0_1000.0-hz30-0.jsonl.gz: OK
CCD-world-pentagon-ALL-s0.01-o1000.0_1000.0-hz60-0.jsonl.gz: OK
CCD-world-pentagon-ALL-s0.01-o1000000.0_-1000000.0-hz120-0.jsonl.gz: OK
CCD-world-pentagon-ALL-s0.01-o1000000.0_-1000000.0-hz30-0.jsonl.gz: OK
CCD-world-pentagon-ALL-s0.01-o1000000.0_-1000000.0-hz60-0.jsonl.gz: OK
CCD-world-pentagon-ALL-s1.0-o-1000.0_1000.0-hz120-0.jsonl.gz: OK
CCD-world-pentagon-ALL-s1.0-o-1000.0_1000.0-hz30-0.jsonl.gz: OK
CCD-world-pentagon-ALL-s1.0-o-1000.0_1000.0-hz60-0.jsonl.gz: OK
CCD-world-pentagon-ALL-s1.0-o-1000000.0_1000000.0-hz120-0.jsonl.gz: OK
CCD-world-pentagon-ALL-s1.0-o-1000000.0_1000000.0-hz30-0.jsonl.gz: OK
CCD-world-pentagon-ALL-s1.0-o-1000000.0_1000000.0-hz60-0.jsonl.gz: OK
CCD-world-pentagon-ALL-s1.0-o0.0_0.0-hz120-0.jsonl.gz: OK
CCD-world-pentagon-ALL-s1.0-o0.0_0.0-hz30-0.jsonl.gz: OK
CCD-world-pentagon-ALL-s1.0-o0.0_0.0-hz60-0.jsonl.gz: OK
CCD-world-pentagon-ALL-s1.0-o1000.0_1000.0-hz120-0.jsonl.gz: OK
CCD-world-pentagon-ALL-s1.0-o1000.0_1000.0-hz30-0.jsonl.gz: OK
CCD-world-pentagon-ALL-s1.0-o1000.0_1000.0-hz60-0.jsonl.gz: OK
CCD-world-pentagon-ALL-s1.0-o1000000.0_-1000000.0-hz120-0.jsonl.gz: OK
CCD-world-pentagon-ALL-s1.0-o1000000.0_-1000000.0-hz30-0.jsonl.gz: OK
CCD-world-pentagon-ALL-s1.0-o1000000.0_-1000000.0-hz60-0.jsonl.gz: OK
CCD-world-pentagon-ALL-s100.0-o-1000.0_1000.0-hz120-0.jsonl.gz: OK
CCD-world-pentagon-ALL-s100.0-o-1000.0_1000.0-hz30-0.jsonl.gz: OK
CCD-world-pentagon-ALL-s100.0-o-1000.0_1000.0-hz60-0.jsonl.gz: OK
CCD-world-pentagon-ALL-s100.0-o-1000000.0_1000000.0-hz120-0.jsonl.gz: OK
CCD-world-pentagon-ALL-s100.0-o-1000000.0_1000000.0-hz30-0.jsonl.gz: OK
CCD-world-pentagon-ALL-s100.0-o-1000000.0_1000000.0-hz60-0.jsonl.gz: OK
CCD-world-pentagon-ALL-s100.0-o0.0_0.0-hz120-0.jsonl.gz: OK
CCD-world-pentagon-ALL-s100.0-o0.0_0.0-hz30-0.jsonl.gz: OK
CCD-world-pentagon-ALL-s100.0-o0.0_0.0-hz60-0.jsonl.gz: OK
CCD-world-pentagon-ALL-s100.0-o1000.0_1000.0-hz120-0.jsonl.gz: OK
CCD-world-pentagon-ALL-s100.0-o1000.0_1000.0-hz30-0.jsonl.gz: OK
CCD-world-pentagon-ALL-s100.0-o1000.0_1000.0-hz60-0.jsonl.gz: OK
CCD-world-pentagon-ALL-s100.0-o1000000.0_-1000000.0-hz120-0.jsonl.gz: OK
CCD-world-pentagon-ALL-s100.0-o1000000.0_-1000000.0-hz30-0.jsonl.gz: OK
CCD-world-pentagon-ALL-s100.0-o1000000.0_-1000000.0-hz60-0.jsonl.gz: OK
CCD-world-pentagon-NONE-s0.01-o-1000.0_1000.0-hz120-0.jsonl.gz: OK
CCD-world-pentagon-NONE-s0.01-o-1000.0_1000.0-hz30-0.jsonl.gz: OK
CCD-world-pentagon-NONE-s0.01-o-1000.0_1000.0-hz60-0.jsonl.gz: OK
CCD-world-pentagon-NONE-s0.01-o-1000000.0_1000000.0-hz120-0.jsonl.gz: OK
CCD-world-pentagon-NONE-s0.01-o-1000000.0_1000000.0-hz30-0.jsonl.gz: OK
CCD-world-pentagon-NONE-s0.01-o-1000000.0_1000000.0-hz60-0.jsonl.gz: OK
CCD-world-pentagon-NONE-s0.01-o0.0_0.0-hz120-0.jsonl.gz: OK
CCD-world-pentagon-NONE-s0.01-o0.0_0.0-hz30-0.jsonl.gz: OK
CCD-world-pentagon-NONE-s0.01-o0.0_0.0-hz60-0.jsonl.gz: OK
CCD-world-pentagon-NONE-s0.01-o1000.0_1000.0-hz120-0.jsonl.gz: OK
CCD-world-pentagon-NONE-s0.01-o1000.0_1000.0-hz30-0.jsonl.gz: OK
CCD-world-pentagon-NONE-s0.01-o1000.0_1000.0-hz60-0.jsonl.gz: OK
CCD-world-pentagon-NONE-s0.01-o1000000.0_-1000000.0-hz120-0.jsonl.gz: OK
CCD-world-pentagon-NONE-s0.01-o1000000.0_-1000000.0-hz30-0.jsonl.gz: OK
CCD-world-pentagon-NONE-s0.01-o1000000.0_-1000000.0-hz60-0.jsonl.gz: OK
CCD-world-pentagon-NONE-s1.0-o-1000.0_1000.0-hz120-0.jsonl.gz: OK
CCD-world-pentagon-NONE-s1.0-o-1000.0_1000.0-hz30-0.jsonl.gz: OK
CCD-world-pentagon-NONE-s1.0-o-1000.0_1000.0-hz60-0.jsonl.gz: OK
CCD-world-pentagon-NONE-s1.0-o-1000000.0_1000000.0-hz120-0.jsonl.gz: OK
CCD-world-pentagon-NONE-s1.0-o-1000000.0_1000000.0-hz30-0.jsonl.gz: OK
CCD-world-pentagon-NONE-s1.0-o-1000000.0_1000000.0-hz60-0.jsonl.gz: OK
CCD-world-pentagon-NONE-s1.0-o0.0_0.0-hz120-0.jsonl.gz: OK
CCD-world-pentagon-NONE-s1.0-o0.0_0.0-hz30-0.jsonl.gz: OK
CCD-world-pentagon-NONE-s1.0-o0.0_0.0-hz60-0.jsonl.gz: OK
CCD-world-pentagon-NONE-s1.0-o1000.0_1000.0-hz120-0.jsonl.gz: OK
CCD-world-pentagon-NONE-s1.0-o1000.0_1000.0-hz30-0.jsonl.gz: OK
CCD-world-pentagon-NONE-s1.0-o1000.0_1000.0-hz60-0.jsonl.gz: OK
CCD-world-pentagon-NONE-s1.0-o1000000.0_-1000000.0-hz120-0.jsonl.gz: OK
CCD-world-pentagon-NONE-s1.0-o1000000.0_-1000000.0-hz30-0.jsonl.gz: OK
CCD-world-pentagon-NONE-s1.0-o1000000.0_-1000000.0-hz60-0.jsonl.gz: OK
CCD-world-pentagon-NONE-s100.0-o-1000.0_1000.0-hz120-0.jsonl.gz: OK
CCD-world-pentagon-NONE-s100.0-o-1000.0_1000.0-hz30-0.jsonl.gz: OK
CCD-world-pentagon-NONE-s100.0-o-1000.0_1000.0-hz60-0.jsonl.gz: OK
CCD-world-pentagon-NONE-s100.0-o-1000000.0_1000000.0-hz120-0.jsonl.gz: OK
CCD-world-pentagon-NONE-s100.0-o-1000000.0_1000000.0-hz30-0.jsonl.gz: OK
CCD-world-pentagon-NONE-s100.0-o-1000000.0_1000000.0-hz60-0.jsonl.gz: OK
CCD-world-pentagon-NONE-s100.0-o0.0_0.0-hz120-0.jsonl.gz: OK
CCD-world-pentagon-NONE-s100.0-o0.0_0.0-hz30-0.jsonl.gz: OK
CCD-world-pentagon-NONE-s100.0-o0.0_0.0-hz60-0.jsonl.gz: OK
CCD-world-pentagon-NONE-s100.0-o1000.0_1000.0-hz120-0.jsonl.gz: OK
CCD-world-pentagon-NONE-s100.0-o1000.0_1000.0-hz30-0.jsonl.gz: OK
CCD-world-pentagon-NONE-s100.0-o1000.0_1000.0-hz60-0.jsonl.gz: OK
CCD-world-pentagon-NONE-s100.0-o1000000.0_-1000000.0-hz120-0.jsonl.gz: OK
CCD-world-pentagon-NONE-s100.0-o1000000.0_-1000000.0-hz30-0.jsonl.gz: OK
CCD-world-pentagon-NONE-s100.0-o1000000.0_-1000000.0-hz60-0.jsonl.gz: OK
F-integrator-damping0.0-s0.01-o-1000.0_1000.0-hz60-0.jsonl.gz: OK
F-integrator-damping0.0-s0.01-o-1000000.0_1000000.0-hz60-0.jsonl.gz: OK
F-integrator-damping0.0-s0.01-o0.0_0.0-hz60-0.jsonl.gz: OK
F-integrator-damping0.0-s0.01-o1000.0_1000.0-hz60-0.jsonl.gz: OK
F-integrator-damping0.0-s0.01-o1000000.0_-1000000.0-hz60-0.jsonl.gz: OK
F-integrator-damping0.0-s1.0-o-1000.0_1000.0-hz60-0.jsonl.gz: OK
F-integrator-damping0.0-s1.0-o-1000000.0_1000000.0-hz60-0.jsonl.gz: OK
F-integrator-damping0.0-s1.0-o0.0_0.0-hz60-0.jsonl.gz: OK
F-integrator-damping0.0-s1.0-o1000.0_1000.0-hz60-0.jsonl.gz: OK
F-integrator-damping0.0-s1.0-o1000000.0_-1000000.0-hz60-0.jsonl.gz: OK
F-integrator-damping0.0-s100.0-o-1000.0_1000.0-hz60-0.jsonl.gz: OK
F-integrator-damping0.0-s100.0-o-1000000.0_1000000.0-hz60-0.jsonl.gz: OK
F-integrator-damping0.0-s100.0-o0.0_0.0-hz60-0.jsonl.gz: OK
F-integrator-damping0.0-s100.0-o1000.0_1000.0-hz60-0.jsonl.gz: OK
F-integrator-damping0.0-s100.0-o1000000.0_-1000000.0-hz60-0.jsonl.gz: OK
F-integrator-damping0.1-s0.01-o-1000.0_1000.0-hz60-0.jsonl.gz: OK
F-integrator-damping0.1-s0.01-o-1000000.0_1000000.0-hz60-0.jsonl.gz: OK
F-integrator-damping0.1-s0.01-o0.0_0.0-hz60-0.jsonl.gz: OK
F-integrator-damping0.1-s0.01-o1000.0_1000.0-hz60-0.jsonl.gz: OK
F-integrator-damping0.1-s0.01-o1000000.0_-1000000.0-hz60-0.jsonl.gz: OK
F-integrator-damping0.1-s1.0-o-1000.0_1000.0-hz60-0.jsonl.gz: OK
F-integrator-damping0.1-s1.0-o-1000000.0_1000000.0-hz60-0.jsonl.gz: OK
F-integrator-damping0.1-s1.0-o0.0_0.0-hz60-0.jsonl.gz: OK
F-integrator-damping0.1-s1.0-o1000.0_1000.0-hz60-0.jsonl.gz: OK
F-integrator-damping0.1-s1.0-o1000000.0_-1000000.0-hz60-0.jsonl.gz: OK
F-integrator-damping0.1-s100.0-o-1000.0_1000.0-hz60-0.jsonl.gz: OK
F-integrator-damping0.1-s100.0-o-1000000.0_1000000.0-hz60-0.jsonl.gz: OK
F-integrator-damping0.1-s100.0-o0.0_0.0-hz60-0.jsonl.gz: OK
F-integrator-damping0.1-s100.0-o1000.0_1000.0-hz60-0.jsonl.gz: OK
F-integrator-damping0.1-s100.0-o1000000.0_-1000000.0-hz60-0.jsonl.gz: OK
L-free-s1.0-o0.0_0.0-hz60-0.jsonl.gz: OK
L-spring-damperfalse-s0.01-o-1000.0_1000.0-hz120-0.jsonl.gz: OK
L-spring-damperfalse-s0.01-o-1000.0_1000.0-hz30-0.jsonl.gz: OK
L-spring-damperfalse-s0.01-o-1000.0_1000.0-hz60-0.jsonl.gz: OK
L-spring-damperfalse-s0.01-o-1000000.0_1000000.0-hz120-0.jsonl.gz: OK
L-spring-damperfalse-s0.01-o-1000000.0_1000000.0-hz30-0.jsonl.gz: OK
L-spring-damperfalse-s0.01-o-1000000.0_1000000.0-hz60-0.jsonl.gz: OK
L-spring-damperfalse-s0.01-o0.0_0.0-hz120-0.jsonl.gz: OK
L-spring-damperfalse-s0.01-o0.0_0.0-hz30-0.jsonl.gz: OK
L-spring-damperfalse-s0.01-o0.0_0.0-hz60-0.jsonl.gz: OK
L-spring-damperfalse-s0.01-o1000.0_1000.0-hz120-0.jsonl.gz: OK
L-spring-damperfalse-s0.01-o1000.0_1000.0-hz30-0.jsonl.gz: OK
L-spring-damperfalse-s0.01-o1000.0_1000.0-hz60-0.jsonl.gz: OK
L-spring-damperfalse-s0.01-o1000000.0_-1000000.0-hz120-0.jsonl.gz: OK
L-spring-damperfalse-s0.01-o1000000.0_-1000000.0-hz30-0.jsonl.gz: OK
L-spring-damperfalse-s0.01-o1000000.0_-1000000.0-hz60-0.jsonl.gz: OK
L-spring-damperfalse-s1.0-o-1000.0_1000.0-hz120-0.jsonl.gz: OK
L-spring-damperfalse-s1.0-o-1000.0_1000.0-hz30-0.jsonl.gz: OK
L-spring-damperfalse-s1.0-o-1000.0_1000.0-hz60-0.jsonl.gz: OK
L-spring-damperfalse-s1.0-o-1000000.0_1000000.0-hz120-0.jsonl.gz: OK
L-spring-damperfalse-s1.0-o-1000000.0_1000000.0-hz30-0.jsonl.gz: OK
L-spring-damperfalse-s1.0-o-1000000.0_1000000.0-hz60-0.jsonl.gz: OK
L-spring-damperfalse-s1.0-o0.0_0.0-hz120-0.jsonl.gz: OK
L-spring-damperfalse-s1.0-o0.0_0.0-hz30-0.jsonl.gz: OK
L-spring-damperfalse-s1.0-o0.0_0.0-hz60-0.jsonl.gz: OK
L-spring-damperfalse-s1.0-o1000.0_1000.0-hz120-0.jsonl.gz: OK
L-spring-damperfalse-s1.0-o1000.0_1000.0-hz30-0.jsonl.gz: OK
L-spring-damperfalse-s1.0-o1000.0_1000.0-hz60-0.jsonl.gz: OK
L-spring-damperfalse-s1.0-o1000000.0_-1000000.0-hz120-0.jsonl.gz: OK
L-spring-damperfalse-s1.0-o1000000.0_-1000000.0-hz30-0.jsonl.gz: OK
L-spring-damperfalse-s1.0-o1000000.0_-1000000.0-hz60-0.jsonl.gz: OK
L-spring-damperfalse-s100.0-o-1000.0_1000.0-hz120-0.jsonl.gz: OK
L-spring-damperfalse-s100.0-o-1000.0_1000.0-hz30-0.jsonl.gz: OK
L-spring-damperfalse-s100.0-o-1000.0_1000.0-hz60-0.jsonl.gz: OK
L-spring-damperfalse-s100.0-o-1000000.0_1000000.0-hz120-0.jsonl.gz: OK
L-spring-damperfalse-s100.0-o-1000000.0_1000000.0-hz30-0.jsonl.gz: OK
L-spring-damperfalse-s100.0-o-1000000.0_1000000.0-hz60-0.jsonl.gz: OK
L-spring-damperfalse-s100.0-o0.0_0.0-hz120-0.jsonl.gz: OK
L-spring-damperfalse-s100.0-o0.0_0.0-hz30-0.jsonl.gz: OK
L-spring-damperfalse-s100.0-o0.0_0.0-hz60-0.jsonl.gz: OK
L-spring-damperfalse-s100.0-o1000.0_1000.0-hz120-0.jsonl.gz: OK
L-spring-damperfalse-s100.0-o1000.0_1000.0-hz30-0.jsonl.gz: OK
L-spring-damperfalse-s100.0-o1000.0_1000.0-hz60-0.jsonl.gz: OK
L-spring-damperfalse-s100.0-o1000000.0_-1000000.0-hz120-0.jsonl.gz: OK
L-spring-damperfalse-s100.0-o1000000.0_-1000000.0-hz30-0.jsonl.gz: OK
L-spring-damperfalse-s100.0-o1000000.0_-1000000.0-hz60-0.jsonl.gz: OK
L-spring-dampertrue-s0.01-o-1000.0_1000.0-hz120-0.jsonl.gz: OK
L-spring-dampertrue-s0.01-o-1000.0_1000.0-hz30-0.jsonl.gz: OK
L-spring-dampertrue-s0.01-o-1000.0_1000.0-hz60-0.jsonl.gz: OK
L-spring-dampertrue-s0.01-o-1000000.0_1000000.0-hz120-0.jsonl.gz: OK
L-spring-dampertrue-s0.01-o-1000000.0_1000000.0-hz30-0.jsonl.gz: OK
L-spring-dampertrue-s0.01-o-1000000.0_1000000.0-hz60-0.jsonl.gz: OK
L-spring-dampertrue-s0.01-o0.0_0.0-hz120-0.jsonl.gz: OK
L-spring-dampertrue-s0.01-o0.0_0.0-hz30-0.jsonl.gz: OK
L-spring-dampertrue-s0.01-o0.0_0.0-hz60-0.jsonl.gz: OK
L-spring-dampertrue-s0.01-o1000.0_1000.0-hz120-0.jsonl.gz: OK
L-spring-dampertrue-s0.01-o1000.0_1000.0-hz30-0.jsonl.gz: OK
L-spring-dampertrue-s0.01-o1000.0_1000.0-hz60-0.jsonl.gz: OK
L-spring-dampertrue-s0.01-o1000000.0_-1000000.0-hz120-0.jsonl.gz: OK
L-spring-dampertrue-s0.01-o1000000.0_-1000000.0-hz30-0.jsonl.gz: OK
L-spring-dampertrue-s0.01-o1000000.0_-1000000.0-hz60-0.jsonl.gz: OK
L-spring-dampertrue-s1.0-o-1000.0_1000.0-hz120-0.jsonl.gz: OK
L-spring-dampertrue-s1.0-o-1000.0_1000.0-hz30-0.jsonl.gz: OK
L-spring-dampertrue-s1.0-o-1000.0_1000.0-hz60-0.jsonl.gz: OK
L-spring-dampertrue-s1.0-o-1000000.0_1000000.0-hz120-0.jsonl.gz: OK
L-spring-dampertrue-s1.0-o-1000000.0_1000000.0-hz30-0.jsonl.gz: OK
L-spring-dampertrue-s1.0-o-1000000.0_1000000.0-hz60-0.jsonl.gz: OK
L-spring-dampertrue-s1.0-o0.0_0.0-hz120-0.jsonl.gz: OK
L-spring-dampertrue-s1.0-o0.0_0.0-hz30-0.jsonl.gz: OK
L-spring-dampertrue-s1.0-o0.0_0.0-hz60-0.jsonl.gz: OK
L-spring-dampertrue-s1.0-o1000.0_1000.0-hz120-0.jsonl.gz: OK
L-spring-dampertrue-s1.0-o1000.0_1000.0-hz30-0.jsonl.gz: OK
L-spring-dampertrue-s1.0-o1000.0_1000.0-hz60-0.jsonl.gz: OK
L-spring-dampertrue-s1.0-o1000000.0_-1000000.0-hz120-0.jsonl.gz: OK
L-spring-dampertrue-s1.0-o1000000.0_-1000000.0-hz30-0.jsonl.gz: OK
L-spring-dampertrue-s1.0-o1000000.0_-1000000.0-hz60-0.jsonl.gz: OK
L-spring-dampertrue-s100.0-o-1000.0_1000.0-hz120-0.jsonl.gz: OK
L-spring-dampertrue-s100.0-o-1000.0_1000.0-hz30-0.jsonl.gz: OK
L-spring-dampertrue-s100.0-o-1000.0_1000.0-hz60-0.jsonl.gz: OK
L-spring-dampertrue-s100.0-o-1000000.0_1000000.0-hz120-0.jsonl.gz: OK
L-spring-dampertrue-s100.0-o-1000000.0_1000000.0-hz30-0.jsonl.gz: OK
L-spring-dampertrue-s100.0-o-1000000.0_1000000.0-hz60-0.jsonl.gz: OK
L-spring-dampertrue-s100.0-o0.0_0.0-hz120-0.jsonl.gz: OK
L-spring-dampertrue-s100.0-o0.0_0.0-hz30-0.jsonl.gz: OK
L-spring-dampertrue-s100.0-o0.0_0.0-hz60-0.jsonl.gz: OK
L-spring-dampertrue-s100.0-o1000.0_1000.0-hz120-0.jsonl.gz: OK
L-spring-dampertrue-s100.0-o1000.0_1000.0-hz30-0.jsonl.gz: OK
L-spring-dampertrue-s100.0-o1000.0_1000.0-hz60-0.jsonl.gz: OK
L-spring-dampertrue-s100.0-o1000000.0_-1000000.0-hz120-0.jsonl.gz: OK
L-spring-dampertrue-s100.0-o1000000.0_-1000000.0-hz30-0.jsonl.gz: OK
L-spring-dampertrue-s100.0-o1000000.0_-1000000.0-hz60-0.jsonl.gz: OK
P-J-Angle-LimitsEnabled-false-0.jsonl.gz: OK
P-J-Angle-LimitsEnabled-toggle-0.jsonl.gz: OK
P-J-Angle-LimitsEnabled-true-0.jsonl.gz: OK
P-J-Angle-Ratio--1.0-0.jsonl.gz: OK
P-J-Angle-Ratio-0.5-0.jsonl.gz: OK
P-J-Angle-Ratio-1.0-0.jsonl.gz: OK
P-J-Angle-Ratio-2.0-0.jsonl.gz: OK
P-J-Angle-initial-0.jsonl.gz: OK
P-J-Angle-limits-equal-0.jsonl.gz: OK
P-J-Angle-limits-range-0.jsonl.gz: OK
P-J-Angle-ratio-limits-off--1.0-0.jsonl.gz: OK
P-J-Angle-ratio-limits-off-0.5-0.jsonl.gz: OK
P-J-Angle-ratio-limits-off-1.0-0.jsonl.gz: OK
P-J-Angle-ratio-limits-off-2.0-0.jsonl.gz: OK
P-J-Distance-LimitsEnabled-false-0.jsonl.gz: OK
P-J-Distance-LimitsEnabled-toggle-0.jsonl.gz: OK
P-J-Distance-LimitsEnabled-true-0.jsonl.gz: OK
P-J-Distance-LowerLimitEnabled-false-0.jsonl.gz: OK
P-J-Distance-LowerLimitEnabled-toggle-0.jsonl.gz: OK
P-J-Distance-LowerLimitEnabled-true-0.jsonl.gz: OK
P-J-Distance-MaximumSpringForce-0.0-0.jsonl.gz: OK
P-J-Distance-MaximumSpringForce-10.0-0.jsonl.gz: OK
P-J-Distance-MaximumSpringForce-1000.0-0.jsonl.gz: OK
P-J-Distance-MaximumSpringForceEnabled-false-0.jsonl.gz: OK
P-J-Distance-MaximumSpringForceEnabled-toggle-0.jsonl.gz: OK
P-J-Distance-MaximumSpringForceEnabled-true-0.jsonl.gz: OK
P-J-Distance-SpringDamperEnabled-false-0.jsonl.gz: OK
P-J-Distance-SpringDamperEnabled-toggle-0.jsonl.gz: OK
P-J-Distance-SpringDamperEnabled-true-0.jsonl.gz: OK
P-J-Distance-SpringDampingRatio-0.0-0.jsonl.gz: OK
P-J-Distance-SpringDampingRatio-0.2-0.jsonl.gz: OK
P-J-Distance-SpringDampingRatio-1.0-0.jsonl.gz: OK
P-J-Distance-SpringEnabled-false-0.jsonl.gz: OK
P-J-Distance-SpringEnabled-toggle-0.jsonl.gz: OK
P-J-Distance-SpringEnabled-true-0.jsonl.gz: OK
P-J-Distance-SpringFrequency-2.0-0.jsonl.gz: OK
P-J-Distance-SpringFrequency-8.0-0.jsonl.gz: OK
P-J-Distance-UpperLimitEnabled-false-0.jsonl.gz: OK
P-J-Distance-UpperLimitEnabled-toggle-0.jsonl.gz: OK
P-J-Distance-UpperLimitEnabled-true-0.jsonl.gz: OK
P-J-Distance-initial-0.jsonl.gz: OK
P-J-Distance-interaction-0.jsonl.gz: OK
P-J-Distance-limits-equal-0.jsonl.gz: OK
P-J-Distance-stiffness-from-2.0Hz-0x1.f019b59389d7bp6-0.jsonl.gz: OK
P-J-Distance-stiffness-from-8.0Hz-0x1.f019b59389d7bp10-0.jsonl.gz: OK
P-J-Friction-MaximumForce-0.0-0.jsonl.gz: OK
P-J-Friction-MaximumForce-10.0-0.jsonl.gz: OK
P-J-Friction-MaximumForce-1000.0-0.jsonl.gz: OK
P-J-Friction-MaximumTorque-0.0-0.jsonl.gz: OK
P-J-Friction-MaximumTorque-0.25-0.jsonl.gz: OK
P-J-Friction-MaximumTorque-10.0-0.jsonl.gz: OK
P-J-Friction-initial-0.jsonl.gz: OK
P-J-Motor-CorrectionFactor-0.0-0.jsonl.gz: OK
P-J-Motor-CorrectionFactor-0.3-0.jsonl.gz: OK
P-J-Motor-CorrectionFactor-1.0-0.jsonl.gz: OK
P-J-Motor-MaximumForce-0.0-0.jsonl.gz: OK
P-J-Motor-MaximumForce-10.0-0.jsonl.gz: OK
P-J-Motor-MaximumForce-1000.0-0.jsonl.gz: OK
P-J-Motor-MaximumTorque-0.0-0.jsonl.gz: OK
P-J-Motor-MaximumTorque-0.25-0.jsonl.gz: OK
P-J-Motor-MaximumTorque-10.0-0.jsonl.gz: OK
P-J-Motor-initial-0.jsonl.gz: OK
P-J-Motor-moving-angular-target-0.jsonl.gz: OK
P-J-Motor-moving-linear-target-0.jsonl.gz: OK
P-J-Pin-CorrectionFactor-0.0-0.jsonl.gz: OK
P-J-Pin-CorrectionFactor-0.3-0.jsonl.gz: OK
P-J-Pin-CorrectionFactor-1.0-0.jsonl.gz: OK
P-J-Pin-MaximumCorrectionForce-0.0-0.jsonl.gz: OK
P-J-Pin-MaximumCorrectionForce-10.0-0.jsonl.gz: OK
P-J-Pin-MaximumCorrectionForce-1000.0-0.jsonl.gz: OK
P-J-Pin-MaximumSpringForce-0.0-0.jsonl.gz: OK
P-J-Pin-MaximumSpringForce-10.0-0.jsonl.gz: OK
P-J-Pin-MaximumSpringForce-1000.0-0.jsonl.gz: OK
P-J-Pin-MaximumSpringForceEnabled-false-0.jsonl.gz: OK
P-J-Pin-MaximumSpringForceEnabled-toggle-0.jsonl.gz: OK
P-J-Pin-MaximumSpringForceEnabled-true-0.jsonl.gz: OK
P-J-Pin-SpringDamperEnabled-false-0.jsonl.gz: OK
P-J-Pin-SpringDamperEnabled-toggle-0.jsonl.gz: OK
P-J-Pin-SpringDamperEnabled-true-0.jsonl.gz: OK
P-J-Pin-SpringDampingRatio-0.0-0.jsonl.gz: OK
P-J-Pin-SpringDampingRatio-0.2-0.jsonl.gz: OK
P-J-Pin-SpringDampingRatio-1.0-0.jsonl.gz: OK
P-J-Pin-SpringEnabled-false-0.jsonl.gz: OK
P-J-Pin-SpringEnabled-toggle-0.jsonl.gz: OK
P-J-Pin-SpringEnabled-true-0.jsonl.gz: OK
P-J-Pin-SpringFrequency-2.0-0.jsonl.gz: OK
P-J-Pin-SpringFrequency-8.0-0.jsonl.gz: OK
P-J-Pin-initial-0.jsonl.gz: OK
P-J-Pin-moving-linear-target-0.jsonl.gz: OK
P-J-Pin-stiffness-from-2.0Hz-0x1.f019b59389d7bp7-0.jsonl.gz: OK
P-J-Pin-stiffness-from-8.0Hz-0x1.f019b59389d7bp11-0.jsonl.gz: OK
P-J-Prismatic-LimitsEnabled-false-0.jsonl.gz: OK
P-J-Prismatic-LimitsEnabled-toggle-0.jsonl.gz: OK
P-J-Prismatic-LimitsEnabled-true-0.jsonl.gz: OK
P-J-Prismatic-LowerLimitEnabled-false-0.jsonl.gz: OK
P-J-Prismatic-LowerLimitEnabled-toggle-0.jsonl.gz: OK
P-J-Prismatic-LowerLimitEnabled-true-0.jsonl.gz: OK
P-J-Prismatic-MaximumMotorForce-0.0-0.jsonl.gz: OK
P-J-Prismatic-MaximumMotorForce-10.0-0.jsonl.gz: OK
P-J-Prismatic-MaximumMotorForce-1000.0-0.jsonl.gz: OK
P-J-Prismatic-MaximumMotorForceEnabled-false-0.jsonl.gz: OK
P-J-Prismatic-MaximumMotorForceEnabled-toggle-0.jsonl.gz: OK
P-J-Prismatic-MaximumMotorForceEnabled-true-0.jsonl.gz: OK
P-J-Prismatic-MaximumSpringForce-0.0-0.jsonl.gz: OK
P-J-Prismatic-MaximumSpringForce-10.0-0.jsonl.gz: OK
P-J-Prismatic-MaximumSpringForce-1000.0-0.jsonl.gz: OK
P-J-Prismatic-MaximumSpringForceEnabled-false-0.jsonl.gz: OK
P-J-Prismatic-MaximumSpringForceEnabled-toggle-0.jsonl.gz: OK
P-J-Prismatic-MaximumSpringForceEnabled-true-0.jsonl.gz: OK
P-J-Prismatic-MotorEnabled-false-0.jsonl.gz: OK
P-J-Prismatic-MotorEnabled-toggle-0.jsonl.gz: OK
P-J-Prismatic-MotorEnabled-true-0.jsonl.gz: OK
P-J-Prismatic-MotorSpeed--1.0-0.jsonl.gz: OK
P-J-Prismatic-MotorSpeed-0.0-0.jsonl.gz: OK
P-J-Prismatic-MotorSpeed-1.0-0.jsonl.gz: OK
P-J-Prismatic-SpringDamperEnabled-false-0.jsonl.gz: OK
P-J-Prismatic-SpringDamperEnabled-toggle-0.jsonl.gz: OK
P-J-Prismatic-SpringDamperEnabled-true-0.jsonl.gz: OK
P-J-Prismatic-SpringDampingRatio-0.0-0.jsonl.gz: OK
P-J-Prismatic-SpringDampingRatio-0.2-0.jsonl.gz: OK
P-J-Prismatic-SpringDampingRatio-1.0-0.jsonl.gz: OK
P-J-Prismatic-SpringEnabled-false-0.jsonl.gz: OK
P-J-Prismatic-SpringEnabled-toggle-0.jsonl.gz: OK
P-J-Prismatic-SpringEnabled-true-0.jsonl.gz: OK
P-J-Prismatic-SpringFrequency-2.0-0.jsonl.gz: OK
P-J-Prismatic-SpringFrequency-8.0-0.jsonl.gz: OK
P-J-Prismatic-UpperLimitEnabled-false-0.jsonl.gz: OK
P-J-Prismatic-UpperLimitEnabled-toggle-0.jsonl.gz: OK
P-J-Prismatic-UpperLimitEnabled-true-0.jsonl.gz: OK
P-J-Prismatic-initial-0.jsonl.gz: OK
P-J-Prismatic-interaction-0.jsonl.gz: OK
P-J-Prismatic-limits-equal-0.jsonl.gz: OK
P-J-Prismatic-limits-range-0.jsonl.gz: OK
P-J-Prismatic-stiffness-from-2.0Hz-0x1.f019b59389d7bp6-0.jsonl.gz: OK
P-J-Prismatic-stiffness-from-8.0Hz-0x1.f019b59389d7bp10-0.jsonl.gz: OK
P-J-Pulley-Ratio-0.5-0.jsonl.gz: OK
P-J-Pulley-Ratio-1.0-0.jsonl.gz: OK
P-J-Pulley-Ratio-2.0-0.jsonl.gz: OK
P-J-Pulley-SlackEnabled-false-0.jsonl.gz: OK
P-J-Pulley-SlackEnabled-toggle-0.jsonl.gz: OK
P-J-Pulley-SlackEnabled-true-0.jsonl.gz: OK
P-J-Pulley-initial-0.jsonl.gz: OK
P-J-Revolute-LimitsEnabled-false-0.jsonl.gz: OK
P-J-Revolute-LimitsEnabled-toggle-0.jsonl.gz: OK
P-J-Revolute-LimitsEnabled-true-0.jsonl.gz: OK
P-J-Revolute-MaximumMotorTorque-0.0-0.jsonl.gz: OK
P-J-Revolute-MaximumMotorTorque-0.25-0.jsonl.gz: OK
P-J-Revolute-MaximumMotorTorque-10.0-0.jsonl.gz: OK
P-J-Revolute-MaximumMotorTorqueEnabled-false-0.jsonl.gz: OK
P-J-Revolute-MaximumMotorTorqueEnabled-toggle-0.jsonl.gz: OK
P-J-Revolute-MaximumMotorTorqueEnabled-true-0.jsonl.gz: OK
P-J-Revolute-MotorEnabled-false-0.jsonl.gz: OK
P-J-Revolute-MotorEnabled-toggle-0.jsonl.gz: OK
P-J-Revolute-MotorEnabled-true-0.jsonl.gz: OK
P-J-Revolute-MotorSpeed--1.5707963267948966-0.jsonl.gz: OK
P-J-Revolute-MotorSpeed-0.0-0.jsonl.gz: OK
P-J-Revolute-MotorSpeed-1.5707963267948966-0.jsonl.gz: OK
P-J-Revolute-initial-0.jsonl.gz: OK
P-J-Revolute-interaction-0.jsonl.gz: OK
P-J-Revolute-limits-equal-0.jsonl.gz: OK
P-J-Revolute-limits-range-0.jsonl.gz: OK
P-J-Weld-LimitsEnabled-false-0.jsonl.gz: OK
P-J-Weld-LimitsEnabled-toggle-0.jsonl.gz: OK
P-J-Weld-LimitsEnabled-true-0.jsonl.gz: OK
P-J-Weld-MaximumSpringTorque-0.0-0.jsonl.gz: OK
P-J-Weld-MaximumSpringTorque-0.25-0.jsonl.gz: OK
P-J-Weld-MaximumSpringTorque-10.0-0.jsonl.gz: OK
P-J-Weld-MaximumSpringTorqueEnabled-false-0.jsonl.gz: OK
P-J-Weld-MaximumSpringTorqueEnabled-toggle-0.jsonl.gz: OK
P-J-Weld-MaximumSpringTorqueEnabled-true-0.jsonl.gz: OK
P-J-Weld-SpringDamperEnabled-false-0.jsonl.gz: OK
P-J-Weld-SpringDamperEnabled-toggle-0.jsonl.gz: OK
P-J-Weld-SpringDamperEnabled-true-0.jsonl.gz: OK
P-J-Weld-SpringDampingRatio-0.0-0.jsonl.gz: OK
P-J-Weld-SpringDampingRatio-0.2-0.jsonl.gz: OK
P-J-Weld-SpringDampingRatio-1.0-0.jsonl.gz: OK
P-J-Weld-SpringEnabled-false-0.jsonl.gz: OK
P-J-Weld-SpringEnabled-toggle-0.jsonl.gz: OK
P-J-Weld-SpringEnabled-true-0.jsonl.gz: OK
P-J-Weld-SpringFrequency-2.0-0.jsonl.gz: OK
P-J-Weld-SpringFrequency-8.0-0.jsonl.gz: OK
P-J-Weld-initial-0.jsonl.gz: OK
P-J-Weld-interaction-0.jsonl.gz: OK
P-J-Weld-limits-equal-0.jsonl.gz: OK
P-J-Weld-limits-range-0.jsonl.gz: OK
P-J-Weld-stiffness-from-2.0Hz-0x1.07307fd73e4e4p3-0.jsonl.gz: OK
P-J-Weld-stiffness-from-8.0Hz-0x1.07307fd73e4e4p7-0.jsonl.gz: OK
P-J-Wheel-LimitsEnabled-false-0.jsonl.gz: OK
P-J-Wheel-LimitsEnabled-toggle-0.jsonl.gz: OK
P-J-Wheel-LimitsEnabled-true-0.jsonl.gz: OK
P-J-Wheel-LowerLimitEnabled-false-0.jsonl.gz: OK
P-J-Wheel-LowerLimitEnabled-toggle-0.jsonl.gz: OK
P-J-Wheel-LowerLimitEnabled-true-0.jsonl.gz: OK
P-J-Wheel-MaximumMotorTorque-0.0-0.jsonl.gz: OK
P-J-Wheel-MaximumMotorTorque-0.25-0.jsonl.gz: OK
P-J-Wheel-MaximumMotorTorque-10.0-0.jsonl.gz: OK
P-J-Wheel-MaximumMotorTorqueEnabled-false-0.jsonl.gz: OK
P-J-Wheel-MaximumMotorTorqueEnabled-toggle-0.jsonl.gz: OK
P-J-Wheel-MaximumMotorTorqueEnabled-true-0.jsonl.gz: OK
P-J-Wheel-MaximumSpringForce-0.0-0.jsonl.gz: OK
P-J-Wheel-MaximumSpringForce-10.0-0.jsonl.gz: OK
P-J-Wheel-MaximumSpringForce-1000.0-0.jsonl.gz: OK
P-J-Wheel-MaximumSpringForceEnabled-false-0.jsonl.gz: OK
P-J-Wheel-MaximumSpringForceEnabled-toggle-0.jsonl.gz: OK
P-J-Wheel-MaximumSpringForceEnabled-true-0.jsonl.gz: OK
P-J-Wheel-MotorEnabled-false-0.jsonl.gz: OK
P-J-Wheel-MotorEnabled-toggle-0.jsonl.gz: OK
P-J-Wheel-MotorEnabled-true-0.jsonl.gz: OK
P-J-Wheel-MotorSpeed--1.5707963267948966-0.jsonl.gz: OK
P-J-Wheel-MotorSpeed-0.0-0.jsonl.gz: OK
P-J-Wheel-MotorSpeed-1.5707963267948966-0.jsonl.gz: OK
P-J-Wheel-SpringDamperEnabled-false-0.jsonl.gz: OK
P-J-Wheel-SpringDamperEnabled-toggle-0.jsonl.gz: OK
P-J-Wheel-SpringDamperEnabled-true-0.jsonl.gz: OK
P-J-Wheel-SpringDampingRatio-0.0-0.jsonl.gz: OK
P-J-Wheel-SpringDampingRatio-0.2-0.jsonl.gz: OK
P-J-Wheel-SpringDampingRatio-1.0-0.jsonl.gz: OK
P-J-Wheel-SpringEnabled-false-0.jsonl.gz: OK
P-J-Wheel-SpringEnabled-toggle-0.jsonl.gz: OK
P-J-Wheel-SpringEnabled-true-0.jsonl.gz: OK
P-J-Wheel-SpringFrequency-2.0-0.jsonl.gz: OK
P-J-Wheel-SpringFrequency-8.0-0.jsonl.gz: OK
P-J-Wheel-UpperLimitEnabled-false-0.jsonl.gz: OK
P-J-Wheel-UpperLimitEnabled-toggle-0.jsonl.gz: OK
P-J-Wheel-UpperLimitEnabled-true-0.jsonl.gz: OK
P-J-Wheel-initial-0.jsonl.gz: OK
P-J-Wheel-interaction-0.jsonl.gz: OK
P-J-Wheel-limits-equal-0.jsonl.gz: OK
P-J-Wheel-limits-range-0.jsonl.gz: OK
P-J-Wheel-stiffness-from-2.0Hz-0x1.f019b59389d7bp6-0.jsonl.gz: OK
P-J-Wheel-stiffness-from-8.0Hz-0x1.f019b59389d7bp10-0.jsonl.gz: OK
U-AngleJointSimulationTest.simpleLinkage-0.jsonl.gz: OK
U-AngleJointSimulationTest.simpleLinkage-1.jsonl.gz: OK
U-AngleJointSimulationTest.simpleLinkage-2.jsonl.gz: OK
U-AngleJointSimulationTest.withLimitsHitLower-0.jsonl.gz: OK
U-AngleJointSimulationTest.withLimitsHitLower-40.jsonl.gz: OK
U-AngleJointSimulationTest.withLimitsHitUpper-0.jsonl.gz: OK
U-AngleJointSimulationTest.withLimitsHitUpper-40.jsonl.gz: OK
U-DistanceJointSimulationTest.fixedDistance-0.jsonl.gz: OK
U-DistanceJointSimulationTest.limits-0.jsonl.gz: OK
U-DistanceJointSimulationTest.limits-1.jsonl.gz: OK
U-DistanceJointSimulationTest.limits-2.jsonl.gz: OK
U-DistanceJointSimulationTest.limits-3.jsonl.gz: OK
U-DistanceJointSimulationTest.limits-4.jsonl.gz: OK
U-DistanceJointSimulationTest.limitsWithSpring-0.jsonl.gz: OK
U-DistanceJointSimulationTest.lowerLimitWithSpring-0.jsonl.gz: OK
U-DistanceJointSimulationTest.springOnly-0.jsonl.gz: OK
U-DistanceJointSimulationTest.springWithMaxForce-0.jsonl.gz: OK
U-DistanceJointSimulationTest.springWithMaxForce-1.jsonl.gz: OK
U-DistanceJointSimulationTest.upperLimitWithSpring-0.jsonl.gz: OK
U-ForceSimulationTest.applyTimed-0.jsonl.gz: OK
U-ForceSimulationTest.applyTimed-1.jsonl.gz: OK
U-FrictionJointSimulationTest.simulationWithLargeForceTorqueMaximums-0.jsonl.gz: OK
U-FrictionJointSimulationTest.simulationWithLargeForceTorqueMaximums-1.jsonl.gz: OK
U-FrictionJointSimulationTest.simulationWithLowForceTorqueMaximums-0.jsonl.gz: OK
U-FrictionJointSimulationTest.simulationWithLowForceTorqueMaximums-1.jsonl.gz: OK
U-FrictionJointSimulationTest.simulationWithLowForceTorqueMaximums-10.jsonl.gz: OK
U-FrictionJointSimulationTest.simulationWithLowForceTorqueMaximums-11.jsonl.gz: OK
U-FrictionJointSimulationTest.simulationWithLowForceTorqueMaximums-12.jsonl.gz: OK
U-FrictionJointSimulationTest.simulationWithLowForceTorqueMaximums-13.jsonl.gz: OK
U-FrictionJointSimulationTest.simulationWithLowForceTorqueMaximums-14.jsonl.gz: OK
U-FrictionJointSimulationTest.simulationWithLowForceTorqueMaximums-15.jsonl.gz: OK
U-FrictionJointSimulationTest.simulationWithLowForceTorqueMaximums-16.jsonl.gz: OK
U-FrictionJointSimulationTest.simulationWithLowForceTorqueMaximums-17.jsonl.gz: OK
U-FrictionJointSimulationTest.simulationWithLowForceTorqueMaximums-18.jsonl.gz: OK
U-FrictionJointSimulationTest.simulationWithLowForceTorqueMaximums-19.jsonl.gz: OK
U-FrictionJointSimulationTest.simulationWithLowForceTorqueMaximums-2.jsonl.gz: OK
U-FrictionJointSimulationTest.simulationWithLowForceTorqueMaximums-20.jsonl.gz: OK
U-FrictionJointSimulationTest.simulationWithLowForceTorqueMaximums-21.jsonl.gz: OK
U-FrictionJointSimulationTest.simulationWithLowForceTorqueMaximums-22.jsonl.gz: OK
U-FrictionJointSimulationTest.simulationWithLowForceTorqueMaximums-23.jsonl.gz: OK
U-FrictionJointSimulationTest.simulationWithLowForceTorqueMaximums-3.jsonl.gz: OK
U-FrictionJointSimulationTest.simulationWithLowForceTorqueMaximums-4.jsonl.gz: OK
U-FrictionJointSimulationTest.simulationWithLowForceTorqueMaximums-5.jsonl.gz: OK
U-FrictionJointSimulationTest.simulationWithLowForceTorqueMaximums-6.jsonl.gz: OK
U-FrictionJointSimulationTest.simulationWithLowForceTorqueMaximums-7.jsonl.gz: OK
U-FrictionJointSimulationTest.simulationWithLowForceTorqueMaximums-8.jsonl.gz: OK
U-FrictionJointSimulationTest.simulationWithLowForceTorqueMaximums-9.jsonl.gz: OK
U-MotorJointSimulationTest.simple-0.jsonl.gz: OK
U-MotorJointSimulationTest.simple-25.jsonl.gz: OK
U-MotorJointSimulationTest.simple-30.jsonl.gz: OK
U-PinJointSimulationTest.fixedLinearVelocity-0.jsonl.gz: OK
U-PinJointSimulationTest.noSpringDamper-0.jsonl.gz: OK
U-PrismaticJointSimulationTest.limits-0.jsonl.gz: OK
U-PrismaticJointSimulationTest.limits-1.jsonl.gz: OK
U-PrismaticJointSimulationTest.limits-2.jsonl.gz: OK
U-PrismaticJointSimulationTest.motorWithAndWithoutLimits-0.jsonl.gz: OK
U-PrismaticJointSimulationTest.motorWithAndWithoutLimits-1.jsonl.gz: OK
U-PrismaticJointSimulationTest.motorWithAndWithoutLimits-12.jsonl.gz: OK
U-PrismaticJointSimulationTest.motorWithAndWithoutLimits-13.jsonl.gz: OK
U-PrismaticJointSimulationTest.motorWithAndWithoutLimits-2.jsonl.gz: OK
U-PrismaticJointSimulationTest.noLimitsNoMotor-0.jsonl.gz: OK
U-PrismaticJointSimulationTest.noLimitsNoMotor-12.jsonl.gz: OK
U-PrismaticJointSimulationTest.noLimitsNoMotor-4.jsonl.gz: OK
U-PrismaticJointSimulationTest.noLimitsNoMotor-8.jsonl.gz: OK
U-PrismaticJointSimulationTest.springOnly-0.jsonl.gz: OK
U-PulleyJointSimulationTest.simpleLinkage-0.jsonl.gz: OK
U-PulleyJointSimulationTest.simpleLinkage-1.jsonl.gz: OK
U-PulleyJointSimulationTest.simpleLinkage-2.jsonl.gz: OK
U-PulleyJointSimulationTest.withAndWithoutSlack-0.jsonl.gz: OK
U-PulleyJointSimulationTest.withAndWithoutSlack-1.jsonl.gz: OK
U-PulleyJointSimulationTest.withAndWithoutSlack-3.jsonl.gz: OK
U-RevoluteJointSimulationTest.limits-0.jsonl.gz: OK
U-RevoluteJointSimulationTest.limits-1.jsonl.gz: OK
U-RevoluteJointSimulationTest.limits-2.jsonl.gz: OK
U-RevoluteJointSimulationTest.motorWithAndWithoutLimits-0.jsonl.gz: OK
U-RevoluteJointSimulationTest.motorWithAndWithoutLimits-1.jsonl.gz: OK
U-RevoluteJointSimulationTest.motorWithAndWithoutLimits-31.jsonl.gz: OK
U-RevoluteJointSimulationTest.motorWithAndWithoutLimits-32.jsonl.gz: OK
U-RevoluteJointSimulationTest.noLimitsNoMotor-0.jsonl.gz: OK
U-RevoluteJointSimulationTest.noLimitsNoMotor-12.jsonl.gz: OK
U-RevoluteJointSimulationTest.noLimitsNoMotor-4.jsonl.gz: OK
U-RevoluteJointSimulationTest.noLimitsNoMotor-8.jsonl.gz: OK
U-TorqueSimulationTest.applyTimed-0.jsonl.gz: OK
U-TorqueSimulationTest.applyTimed-1.jsonl.gz: OK
U-WeldJointSimulationTest.softConstraint-0.jsonl.gz: OK
U-WeldJointSimulationTest.softConstraint-1.jsonl.gz: OK
U-WeldJointSimulationTest.softConstraint-21.jsonl.gz: OK
U-WeldJointSimulationTest.softConstraintWithLimitsLower-0.jsonl.gz: OK
U-WeldJointSimulationTest.softConstraintWithLimitsUpper-0.jsonl.gz: OK
U-WeldJointSimulationTest.standard-0.jsonl.gz: OK
U-WeldJointSimulationTest.standard-12.jsonl.gz: OK
U-WeldJointSimulationTest.standard-4.jsonl.gz: OK
U-WeldJointSimulationTest.standard-8.jsonl.gz: OK
U-WheelJointSimulationTest.limitsOnly-0.jsonl.gz: OK
U-WheelJointSimulationTest.limitsOnly-111.jsonl.gz: OK
U-WheelJointSimulationTest.limitsOnly-30.jsonl.gz: OK
U-WheelJointSimulationTest.limitsOnly-60.jsonl.gz: OK
U-WheelJointSimulationTest.limitsOnly-61.jsonl.gz: OK
U-WheelJointSimulationTest.motorOnly-0.jsonl.gz: OK
U-WheelJointSimulationTest.noLimitsNoMotor-0.jsonl.gz: OK
U-WheelJointSimulationTest.noLimitsNoMotor-12.jsonl.gz: OK
U-WheelJointSimulationTest.noLimitsNoMotor-4.jsonl.gz: OK
U-WheelJointSimulationTest.noLimitsNoMotor-8.jsonl.gz: OK
U-WheelJointSimulationTest.springDamperWithLimits-0.jsonl.gz: OK
U-WheelJointSimulationTest.springDamperWithLimits-20.jsonl.gz: OK
U-WheelJointSimulationTest.springDamperWithLimits-22.jsonl.gz: OK
U-WheelJointSimulationTest.springDamperWithLimits-24.jsonl.gz: OK
U-scale-fixedDistance-0.01--1000.0-1000.0-0.jsonl.gz: OK
U-scale-fixedDistance-0.01--1000000.0-1000000.0-0.jsonl.gz: OK
U-scale-fixedDistance-0.01-0.0-0.0-0.jsonl.gz: OK
U-scale-fixedDistance-0.01-1000.0-1000.0-0.jsonl.gz: OK
U-scale-fixedDistance-0.01-1000000.0--1000000.0-0.jsonl.gz: OK
U-scale-fixedDistance-1.0--1000.0-1000.0-0.jsonl.gz: OK
U-scale-fixedDistance-1.0--1000000.0-1000000.0-0.jsonl.gz: OK
U-scale-fixedDistance-1.0-0.0-0.0-0.jsonl.gz: OK
U-scale-fixedDistance-1.0-1000.0-1000.0-0.jsonl.gz: OK
U-scale-fixedDistance-1.0-1000000.0--1000000.0-0.jsonl.gz: OK
U-scale-fixedDistance-100.0--1000.0-1000.0-0.jsonl.gz: OK
U-scale-fixedDistance-100.0--1000000.0-1000000.0-0.jsonl.gz: OK
U-scale-fixedDistance-100.0-0.0-0.0-0.jsonl.gz: OK
U-scale-fixedDistance-100.0-1000.0-1000.0-0.jsonl.gz: OK
U-scale-fixedDistance-100.0-1000000.0--1000000.0-0.jsonl.gz: OK
U-scale-motorWithAndWithoutLimits-0.01--1000.0-1000.0-0.jsonl.gz: OK
U-scale-motorWithAndWithoutLimits-0.01--1000.0-1000.0-1.jsonl.gz: OK
U-scale-motorWithAndWithoutLimits-0.01--1000.0-1000.0-31.jsonl.gz: OK
U-scale-motorWithAndWithoutLimits-0.01--1000.0-1000.0-32.jsonl.gz: OK
U-scale-motorWithAndWithoutLimits-0.01--1000000.0-1000000.0-0.jsonl.gz: OK
U-scale-motorWithAndWithoutLimits-0.01--1000000.0-1000000.0-1.jsonl.gz: OK
U-scale-motorWithAndWithoutLimits-0.01--1000000.0-1000000.0-31.jsonl.gz: OK
U-scale-motorWithAndWithoutLimits-0.01--1000000.0-1000000.0-32.jsonl.gz: OK
U-scale-motorWithAndWithoutLimits-0.01-0.0-0.0-0.jsonl.gz: OK
U-scale-motorWithAndWithoutLimits-0.01-0.0-0.0-1.jsonl.gz: OK
U-scale-motorWithAndWithoutLimits-0.01-0.0-0.0-31.jsonl.gz: OK
U-scale-motorWithAndWithoutLimits-0.01-0.0-0.0-32.jsonl.gz: OK
U-scale-motorWithAndWithoutLimits-0.01-1000.0-1000.0-0.jsonl.gz: OK
U-scale-motorWithAndWithoutLimits-0.01-1000.0-1000.0-1.jsonl.gz: OK
U-scale-motorWithAndWithoutLimits-0.01-1000.0-1000.0-31.jsonl.gz: OK
U-scale-motorWithAndWithoutLimits-0.01-1000.0-1000.0-32.jsonl.gz: OK
U-scale-motorWithAndWithoutLimits-0.01-1000000.0--1000000.0-0.jsonl.gz: OK
U-scale-motorWithAndWithoutLimits-0.01-1000000.0--1000000.0-1.jsonl.gz: OK
U-scale-motorWithAndWithoutLimits-0.01-1000000.0--1000000.0-31.jsonl.gz: OK
U-scale-motorWithAndWithoutLimits-0.01-1000000.0--1000000.0-32.jsonl.gz: OK
U-scale-motorWithAndWithoutLimits-1.0--1000.0-1000.0-0.jsonl.gz: OK
U-scale-motorWithAndWithoutLimits-1.0--1000.0-1000.0-1.jsonl.gz: OK
U-scale-motorWithAndWithoutLimits-1.0--1000.0-1000.0-31.jsonl.gz: OK
U-scale-motorWithAndWithoutLimits-1.0--1000.0-1000.0-32.jsonl.gz: OK
U-scale-motorWithAndWithoutLimits-1.0--1000000.0-1000000.0-0.jsonl.gz: OK
U-scale-motorWithAndWithoutLimits-1.0--1000000.0-1000000.0-1.jsonl.gz: OK
U-scale-motorWithAndWithoutLimits-1.0--1000000.0-1000000.0-31.jsonl.gz: OK
U-scale-motorWithAndWithoutLimits-1.0--1000000.0-1000000.0-32.jsonl.gz: OK
U-scale-motorWithAndWithoutLimits-1.0-0.0-0.0-0.jsonl.gz: OK
U-scale-motorWithAndWithoutLimits-1.0-0.0-0.0-1.jsonl.gz: OK
U-scale-motorWithAndWithoutLimits-1.0-0.0-0.0-31.jsonl.gz: OK
U-scale-motorWithAndWithoutLimits-1.0-0.0-0.0-32.jsonl.gz: OK
U-scale-motorWithAndWithoutLimits-1.0-1000.0-1000.0-0.jsonl.gz: OK
U-scale-motorWithAndWithoutLimits-1.0-1000.0-1000.0-1.jsonl.gz: OK
U-scale-motorWithAndWithoutLimits-1.0-1000.0-1000.0-31.jsonl.gz: OK
U-scale-motorWithAndWithoutLimits-1.0-1000.0-1000.0-32.jsonl.gz: OK
U-scale-motorWithAndWithoutLimits-1.0-1000000.0--1000000.0-0.jsonl.gz: OK
U-scale-motorWithAndWithoutLimits-1.0-1000000.0--1000000.0-1.jsonl.gz: OK
U-scale-motorWithAndWithoutLimits-1.0-1000000.0--1000000.0-31.jsonl.gz: OK
U-scale-motorWithAndWithoutLimits-1.0-1000000.0--1000000.0-32.jsonl.gz: OK
U-scale-motorWithAndWithoutLimits-100.0--1000.0-1000.0-0.jsonl.gz: OK
U-scale-motorWithAndWithoutLimits-100.0--1000.0-1000.0-1.jsonl.gz: OK
U-scale-motorWithAndWithoutLimits-100.0--1000.0-1000.0-31.jsonl.gz: OK
U-scale-motorWithAndWithoutLimits-100.0--1000.0-1000.0-32.jsonl.gz: OK
U-scale-motorWithAndWithoutLimits-100.0--1000000.0-1000000.0-0.jsonl.gz: OK
U-scale-motorWithAndWithoutLimits-100.0--1000000.0-1000000.0-1.jsonl.gz: OK
U-scale-motorWithAndWithoutLimits-100.0--1000000.0-1000000.0-31.jsonl.gz: OK
U-scale-motorWithAndWithoutLimits-100.0--1000000.0-1000000.0-32.jsonl.gz: OK
U-scale-motorWithAndWithoutLimits-100.0-0.0-0.0-0.jsonl.gz: OK
U-scale-motorWithAndWithoutLimits-100.0-0.0-0.0-1.jsonl.gz: OK
U-scale-motorWithAndWithoutLimits-100.0-0.0-0.0-31.jsonl.gz: OK
U-scale-motorWithAndWithoutLimits-100.0-0.0-0.0-32.jsonl.gz: OK
U-scale-motorWithAndWithoutLimits-100.0-1000.0-1000.0-0.jsonl.gz: OK
U-scale-motorWithAndWithoutLimits-100.0-1000.0-1000.0-1.jsonl.gz: OK
U-scale-motorWithAndWithoutLimits-100.0-1000.0-1000.0-31.jsonl.gz: OK
U-scale-motorWithAndWithoutLimits-100.0-1000.0-1000.0-32.jsonl.gz: OK
U-scale-motorWithAndWithoutLimits-100.0-1000000.0--1000000.0-0.jsonl.gz: OK
U-scale-motorWithAndWithoutLimits-100.0-1000000.0--1000000.0-1.jsonl.gz: OK
U-scale-motorWithAndWithoutLimits-100.0-1000000.0--1000000.0-31.jsonl.gz: OK
U-scale-motorWithAndWithoutLimits-100.0-1000000.0--1000000.0-32.jsonl.gz: OK
C-bounce-e0.0-s0.01-o-1000.0_1000.0-hz120-0.jsonl.gz: OK
C-bounce-e0.0-s0.01-o-1000.0_1000.0-hz30-0.jsonl.gz: OK
C-bounce-e0.0-s0.01-o-1000.0_1000.0-hz60-0.jsonl.gz: OK
C-bounce-e0.0-s0.01-o-1000000.0_1000000.0-hz120-0.jsonl.gz: OK
C-bounce-e0.0-s0.01-o-1000000.0_1000000.0-hz30-0.jsonl.gz: OK
C-bounce-e0.0-s0.01-o-1000000.0_1000000.0-hz60-0.jsonl.gz: OK
C-bounce-e0.0-s0.01-o0.0_0.0-hz120-0.jsonl.gz: OK
C-bounce-e0.0-s0.01-o0.0_0.0-hz30-0.jsonl.gz: OK
C-bounce-e0.0-s0.01-o0.0_0.0-hz60-0.jsonl.gz: OK
C-bounce-e0.0-s0.01-o1000.0_1000.0-hz120-0.jsonl.gz: OK
C-bounce-e0.0-s0.01-o1000.0_1000.0-hz30-0.jsonl.gz: OK
C-bounce-e0.0-s0.01-o1000.0_1000.0-hz60-0.jsonl.gz: OK
C-bounce-e0.0-s0.01-o1000000.0_-1000000.0-hz120-0.jsonl.gz: OK
C-bounce-e0.0-s0.01-o1000000.0_-1000000.0-hz30-0.jsonl.gz: OK
C-bounce-e0.0-s0.01-o1000000.0_-1000000.0-hz60-0.jsonl.gz: OK
C-bounce-e0.0-s1.0-o-1000.0_1000.0-hz120-0.jsonl.gz: OK
C-bounce-e0.0-s1.0-o-1000.0_1000.0-hz30-0.jsonl.gz: OK
C-bounce-e0.0-s1.0-o-1000.0_1000.0-hz60-0.jsonl.gz: OK
C-bounce-e0.0-s1.0-o-1000000.0_1000000.0-hz120-0.jsonl.gz: OK
C-bounce-e0.0-s1.0-o-1000000.0_1000000.0-hz30-0.jsonl.gz: OK
C-bounce-e0.0-s1.0-o-1000000.0_1000000.0-hz60-0.jsonl.gz: OK
C-bounce-e0.0-s1.0-o0.0_0.0-hz120-0.jsonl.gz: OK
C-bounce-e0.0-s1.0-o0.0_0.0-hz30-0.jsonl.gz: OK
C-bounce-e0.0-s1.0-o0.0_0.0-hz60-0.jsonl.gz: OK
C-bounce-e0.0-s1.0-o1000.0_1000.0-hz120-0.jsonl.gz: OK
C-bounce-e0.0-s1.0-o1000.0_1000.0-hz30-0.jsonl.gz: OK
C-bounce-e0.0-s1.0-o1000.0_1000.0-hz60-0.jsonl.gz: OK
C-bounce-e0.0-s1.0-o1000000.0_-1000000.0-hz120-0.jsonl.gz: OK
C-bounce-e0.0-s1.0-o1000000.0_-1000000.0-hz30-0.jsonl.gz: OK
C-bounce-e0.0-s1.0-o1000000.0_-1000000.0-hz60-0.jsonl.gz: OK
C-bounce-e0.0-s100.0-o-1000.0_1000.0-hz120-0.jsonl.gz: OK
C-bounce-e0.0-s100.0-o-1000.0_1000.0-hz30-0.jsonl.gz: OK
C-bounce-e0.0-s100.0-o-1000.0_1000.0-hz60-0.jsonl.gz: OK
C-bounce-e0.0-s100.0-o-1000000.0_1000000.0-hz120-0.jsonl.gz: OK
C-bounce-e0.0-s100.0-o-1000000.0_1000000.0-hz30-0.jsonl.gz: OK
C-bounce-e0.0-s100.0-o-1000000.0_1000000.0-hz60-0.jsonl.gz: OK
C-bounce-e0.0-s100.0-o0.0_0.0-hz120-0.jsonl.gz: OK
C-bounce-e0.0-s100.0-o0.0_0.0-hz30-0.jsonl.gz: OK
C-bounce-e0.0-s100.0-o0.0_0.0-hz60-0.jsonl.gz: OK
C-bounce-e0.0-s100.0-o1000.0_1000.0-hz120-0.jsonl.gz: OK
C-bounce-e0.0-s100.0-o1000.0_1000.0-hz30-0.jsonl.gz: OK
C-bounce-e0.0-s100.0-o1000.0_1000.0-hz60-0.jsonl.gz: OK
C-bounce-e0.0-s100.0-o1000000.0_-1000000.0-hz120-0.jsonl.gz: OK
C-bounce-e0.0-s100.0-o1000000.0_-1000000.0-hz30-0.jsonl.gz: OK
C-bounce-e0.0-s100.0-o1000000.0_-1000000.0-hz60-0.jsonl.gz: OK
C-bounce-e0.5-s0.01-o-1000.0_1000.0-hz120-0.jsonl.gz: OK
C-bounce-e0.5-s0.01-o-1000.0_1000.0-hz30-0.jsonl.gz: OK
C-bounce-e0.5-s0.01-o-1000.0_1000.0-hz60-0.jsonl.gz: OK
C-bounce-e0.5-s0.01-o-1000000.0_1000000.0-hz120-0.jsonl.gz: OK
C-bounce-e0.5-s0.01-o-1000000.0_1000000.0-hz30-0.jsonl.gz: OK
C-bounce-e0.5-s0.01-o-1000000.0_1000000.0-hz60-0.jsonl.gz: OK
C-bounce-e0.5-s0.01-o0.0_0.0-hz120-0.jsonl.gz: OK
C-bounce-e0.5-s0.01-o0.0_0.0-hz30-0.jsonl.gz: OK
C-bounce-e0.5-s0.01-o0.0_0.0-hz60-0.jsonl.gz: OK
C-bounce-e0.5-s0.01-o1000.0_1000.0-hz120-0.jsonl.gz: OK
C-bounce-e0.5-s0.01-o1000.0_1000.0-hz30-0.jsonl.gz: OK
C-bounce-e0.5-s0.01-o1000.0_1000.0-hz60-0.jsonl.gz: OK
C-bounce-e0.5-s0.01-o1000000.0_-1000000.0-hz120-0.jsonl.gz: OK
C-bounce-e0.5-s0.01-o1000000.0_-1000000.0-hz30-0.jsonl.gz: OK
C-bounce-e0.5-s0.01-o1000000.0_-1000000.0-hz60-0.jsonl.gz: OK
C-bounce-e0.5-s1.0-o-1000.0_1000.0-hz120-0.jsonl.gz: OK
C-bounce-e0.5-s1.0-o-1000.0_1000.0-hz30-0.jsonl.gz: OK
C-bounce-e0.5-s1.0-o-1000.0_1000.0-hz60-0.jsonl.gz: OK
C-bounce-e0.5-s1.0-o-1000000.0_1000000.0-hz120-0.jsonl.gz: OK
C-bounce-e0.5-s1.0-o-1000000.0_1000000.0-hz30-0.jsonl.gz: OK
C-bounce-e0.5-s1.0-o-1000000.0_1000000.0-hz60-0.jsonl.gz: OK
C-bounce-e0.5-s1.0-o0.0_0.0-hz120-0.jsonl.gz: OK
C-bounce-e0.5-s1.0-o0.0_0.0-hz30-0.jsonl.gz: OK
C-bounce-e0.5-s1.0-o0.0_0.0-hz60-0.jsonl.gz: OK
C-bounce-e0.5-s1.0-o1000.0_1000.0-hz120-0.jsonl.gz: OK
C-bounce-e0.5-s1.0-o1000.0_1000.0-hz30-0.jsonl.gz: OK
C-bounce-e0.5-s1.0-o1000.0_1000.0-hz60-0.jsonl.gz: OK
C-bounce-e0.5-s1.0-o1000000.0_-1000000.0-hz120-0.jsonl.gz: OK
C-bounce-e0.5-s1.0-o1000000.0_-1000000.0-hz30-0.jsonl.gz: OK
C-bounce-e0.5-s1.0-o1000000.0_-1000000.0-hz60-0.jsonl.gz: OK
C-bounce-e0.5-s100.0-o-1000.0_1000.0-hz120-0.jsonl.gz: OK
C-bounce-e0.5-s100.0-o-1000.0_1000.0-hz30-0.jsonl.gz: OK
C-bounce-e0.5-s100.0-o-1000.0_1000.0-hz60-0.jsonl.gz: OK
C-bounce-e0.5-s100.0-o-1000000.0_1000000.0-hz120-0.jsonl.gz: OK
C-bounce-e0.5-s100.0-o-1000000.0_1000000.0-hz30-0.jsonl.gz: OK
C-bounce-e0.5-s100.0-o-1000000.0_1000000.0-hz60-0.jsonl.gz: OK
C-bounce-e0.5-s100.0-o0.0_0.0-hz120-0.jsonl.gz: OK
C-bounce-e0.5-s100.0-o0.0_0.0-hz30-0.jsonl.gz: OK
C-bounce-e0.5-s100.0-o0.0_0.0-hz60-0.jsonl.gz: OK
C-bounce-e0.5-s100.0-o1000.0_1000.0-hz120-0.jsonl.gz: OK
C-bounce-e0.5-s100.0-o1000.0_1000.0-hz30-0.jsonl.gz: OK
C-bounce-e0.5-s100.0-o1000.0_1000.0-hz60-0.jsonl.gz: OK
C-bounce-e0.5-s100.0-o1000000.0_-1000000.0-hz120-0.jsonl.gz: OK
C-bounce-e0.5-s100.0-o1000000.0_-1000000.0-hz30-0.jsonl.gz: OK
C-bounce-e0.5-s100.0-o1000000.0_-1000000.0-hz60-0.jsonl.gz: OK
C-bounce-e1.0-s0.01-o-1000.0_1000.0-hz120-0.jsonl.gz: OK
C-bounce-e1.0-s0.01-o-1000.0_1000.0-hz30-0.jsonl.gz: OK
C-bounce-e1.0-s0.01-o-1000.0_1000.0-hz60-0.jsonl.gz: OK
C-bounce-e1.0-s0.01-o-1000000.0_1000000.0-hz120-0.jsonl.gz: OK
C-bounce-e1.0-s0.01-o-1000000.0_1000000.0-hz30-0.jsonl.gz: OK
C-bounce-e1.0-s0.01-o-1000000.0_1000000.0-hz60-0.jsonl.gz: OK
C-bounce-e1.0-s0.01-o0.0_0.0-hz120-0.jsonl.gz: OK
C-bounce-e1.0-s0.01-o0.0_0.0-hz30-0.jsonl.gz: OK
C-bounce-e1.0-s0.01-o0.0_0.0-hz60-0.jsonl.gz: OK
C-bounce-e1.0-s0.01-o1000.0_1000.0-hz120-0.jsonl.gz: OK
C-bounce-e1.0-s0.01-o1000.0_1000.0-hz30-0.jsonl.gz: OK
C-bounce-e1.0-s0.01-o1000.0_1000.0-hz60-0.jsonl.gz: OK
C-bounce-e1.0-s0.01-o1000000.0_-1000000.0-hz120-0.jsonl.gz: OK
C-bounce-e1.0-s0.01-o1000000.0_-1000000.0-hz30-0.jsonl.gz: OK
C-bounce-e1.0-s0.01-o1000000.0_-1000000.0-hz60-0.jsonl.gz: OK
C-bounce-e1.0-s1.0-o-1000.0_1000.0-hz120-0.jsonl.gz: OK
C-bounce-e1.0-s1.0-o-1000.0_1000.0-hz30-0.jsonl.gz: OK
C-bounce-e1.0-s1.0-o-1000.0_1000.0-hz60-0.jsonl.gz: OK
C-bounce-e1.0-s1.0-o-1000000.0_1000000.0-hz120-0.jsonl.gz: OK
C-bounce-e1.0-s1.0-o-1000000.0_1000000.0-hz30-0.jsonl.gz: OK
C-bounce-e1.0-s1.0-o-1000000.0_1000000.0-hz60-0.jsonl.gz: OK
C-bounce-e1.0-s1.0-o0.0_0.0-hz120-0.jsonl.gz: OK
C-bounce-e1.0-s1.0-o0.0_0.0-hz30-0.jsonl.gz: OK
C-bounce-e1.0-s1.0-o0.0_0.0-hz60-0.jsonl.gz: OK
C-bounce-e1.0-s1.0-o1000.0_1000.0-hz120-0.jsonl.gz: OK
C-bounce-e1.0-s1.0-o1000.0_1000.0-hz30-0.jsonl.gz: OK
C-bounce-e1.0-s1.0-o1000.0_1000.0-hz60-0.jsonl.gz: OK
C-bounce-e1.0-s1.0-o1000000.0_-1000000.0-hz120-0.jsonl.gz: OK
C-bounce-e1.0-s1.0-o1000000.0_-1000000.0-hz30-0.jsonl.gz: OK
C-bounce-e1.0-s1.0-o1000000.0_-1000000.0-hz60-0.jsonl.gz: OK
C-bounce-e1.0-s100.0-o-1000.0_1000.0-hz120-0.jsonl.gz: OK
C-bounce-e1.0-s100.0-o-1000.0_1000.0-hz30-0.jsonl.gz: OK
C-bounce-e1.0-s100.0-o-1000.0_1000.0-hz60-0.jsonl.gz: OK
C-bounce-e1.0-s100.0-o-1000000.0_1000000.0-hz120-0.jsonl.gz: OK
C-bounce-e1.0-s100.0-o-1000000.0_1000000.0-hz30-0.jsonl.gz: OK
C-bounce-e1.0-s100.0-o-1000000.0_1000000.0-hz60-0.jsonl.gz: OK
C-bounce-e1.0-s100.0-o0.0_0.0-hz120-0.jsonl.gz: OK
C-bounce-e1.0-s100.0-o0.0_0.0-hz30-0.jsonl.gz: OK
C-bounce-e1.0-s100.0-o0.0_0.0-hz60-0.jsonl.gz: OK
C-bounce-e1.0-s100.0-o1000.0_1000.0-hz120-0.jsonl.gz: OK
C-bounce-e1.0-s100.0-o1000.0_1000.0-hz30-0.jsonl.gz: OK
C-bounce-e1.0-s100.0-o1000.0_1000.0-hz60-0.jsonl.gz: OK
C-bounce-e1.0-s100.0-o1000000.0_-1000000.0-hz120-0.jsonl.gz: OK
C-bounce-e1.0-s100.0-o1000000.0_-1000000.0-hz30-0.jsonl.gz: OK
C-bounce-e1.0-s100.0-o1000000.0_-1000000.0-hz60-0.jsonl.gz: OK
C-slide-s0.01-o-1000.0_1000.0-hz60-0.jsonl.gz: OK
C-slide-s0.01-o-1000000.0_1000000.0-hz60-0.jsonl.gz: OK
C-slide-s0.01-o0.0_0.0-hz60-0.jsonl.gz: OK
C-slide-s0.01-o1000.0_1000.0-hz60-0.jsonl.gz: OK
C-slide-s0.01-o1000000.0_-1000000.0-hz60-0.jsonl.gz: OK
C-slide-s1.0-o-1000.0_1000.0-hz60-0.jsonl.gz: OK
C-slide-s1.0-o-1000000.0_1000000.0-hz60-0.jsonl.gz: OK
C-slide-s1.0-o0.0_0.0-hz60-0.jsonl.gz: OK
C-slide-s1.0-o1000.0_1000.0-hz60-0.jsonl.gz: OK
C-slide-s1.0-o1000000.0_-1000000.0-hz60-0.jsonl.gz: OK
C-slide-s100.0-o-1000.0_1000.0-hz60-0.jsonl.gz: OK
C-slide-s100.0-o-1000000.0_1000000.0-hz60-0.jsonl.gz: OK
C-slide-s100.0-o0.0_0.0-hz60-0.jsonl.gz: OK
C-slide-s100.0-o1000.0_1000.0-hz60-0.jsonl.gz: OK
C-slide-s100.0-o1000000.0_-1000000.0-hz60-0.jsonl.gz: OK
C-stack-s0.01-o-1000.0_1000.0-hz120-0.jsonl.gz: OK
C-stack-s0.01-o-1000.0_1000.0-hz30-0.jsonl.gz: OK
C-stack-s0.01-o-1000.0_1000.0-hz60-0.jsonl.gz: OK
C-stack-s0.01-o-1000000.0_1000000.0-hz120-0.jsonl.gz: OK
C-stack-s0.01-o-1000000.0_1000000.0-hz30-0.jsonl.gz: OK
C-stack-s0.01-o-1000000.0_1000000.0-hz60-0.jsonl.gz: OK
C-stack-s0.01-o0.0_0.0-hz120-0.jsonl.gz: OK
C-stack-s0.01-o0.0_0.0-hz30-0.jsonl.gz: OK
C-stack-s0.01-o0.0_0.0-hz60-0.jsonl.gz: OK
C-stack-s0.01-o1000.0_1000.0-hz120-0.jsonl.gz: OK
C-stack-s0.01-o1000.0_1000.0-hz30-0.jsonl.gz: OK
C-stack-s0.01-o1000.0_1000.0-hz60-0.jsonl.gz: OK
C-stack-s0.01-o1000000.0_-1000000.0-hz120-0.jsonl.gz: OK
C-stack-s0.01-o1000000.0_-1000000.0-hz30-0.jsonl.gz: OK
C-stack-s0.01-o1000000.0_-1000000.0-hz60-0.jsonl.gz: OK
C-stack-s1.0-o-1000.0_1000.0-hz120-0.jsonl.gz: OK
C-stack-s1.0-o-1000.0_1000.0-hz30-0.jsonl.gz: OK
C-stack-s1.0-o-1000.0_1000.0-hz60-0.jsonl.gz: OK
C-stack-s1.0-o-1000000.0_1000000.0-hz120-0.jsonl.gz: OK
C-stack-s1.0-o-1000000.0_1000000.0-hz30-0.jsonl.gz: OK
C-stack-s1.0-o-1000000.0_1000000.0-hz60-0.jsonl.gz: OK
C-stack-s1.0-o0.0_0.0-hz120-0.jsonl.gz: OK
C-stack-s1.0-o0.0_0.0-hz30-0.jsonl.gz: OK
C-stack-s1.0-o0.0_0.0-hz60-0.jsonl.gz: OK
C-stack-s1.0-o1000.0_1000.0-hz120-0.jsonl.gz: OK
C-stack-s1.0-o1000.0_1000.0-hz30-0.jsonl.gz: OK
C-stack-s1.0-o1000.0_1000.0-hz60-0.jsonl.gz: OK
C-stack-s1.0-o1000000.0_-1000000.0-hz120-0.jsonl.gz: OK
C-stack-s1.0-o1000000.0_-1000000.0-hz30-0.jsonl.gz: OK
C-stack-s1.0-o1000000.0_-1000000.0-hz60-0.jsonl.gz: OK
C-stack-s100.0-o-1000.0_1000.0-hz120-0.jsonl.gz: OK
C-stack-s100.0-o-1000.0_1000.0-hz30-0.jsonl.gz: OK
C-stack-s100.0-o-1000.0_1000.0-hz60-0.jsonl.gz: OK
C-stack-s100.0-o-1000000.0_1000000.0-hz120-0.jsonl.gz: OK
C-stack-s100.0-o-1000000.0_1000000.0-hz30-0.jsonl.gz: OK
C-stack-s100.0-o-1000000.0_1000000.0-hz60-0.jsonl.gz: OK
C-stack-s100.0-o0.0_0.0-hz120-0.jsonl.gz: OK
C-stack-s100.0-o0.0_0.0-hz30-0.jsonl.gz: OK
C-stack-s100.0-o0.0_0.0-hz60-0.jsonl.gz: OK
C-stack-s100.0-o1000.0_1000.0-hz120-0.jsonl.gz: OK
C-stack-s100.0-o1000.0_1000.0-hz30-0.jsonl.gz: OK
C-stack-s100.0-o1000.0_1000.0-hz60-0.jsonl.gz: OK
C-stack-s100.0-o1000000.0_-1000000.0-hz120-0.jsonl.gz: OK
C-stack-s100.0-o1000000.0_-1000000.0-hz30-0.jsonl.gz: OK
C-stack-s100.0-o1000000.0_-1000000.0-hz60-0.jsonl.gz: OK
CCD-world-circle-ALL-s0.01-o-1000.0_1000.0-hz120-0.jsonl.gz: OK
CCD-world-circle-ALL-s0.01-o-1000.0_1000.0-hz30-0.jsonl.gz: OK
CCD-world-circle-ALL-s0.01-o-1000.0_1000.0-hz60-0.jsonl.gz: OK
CCD-world-circle-ALL-s0.01-o-1000000.0_1000000.0-hz120-0.jsonl.gz: OK
CCD-world-circle-ALL-s0.01-o-1000000.0_1000000.0-hz30-0.jsonl.gz: OK
CCD-world-circle-ALL-s0.01-o-1000000.0_1000000.0-hz60-0.jsonl.gz: OK
CCD-world-circle-ALL-s0.01-o0.0_0.0-hz120-0.jsonl.gz: OK
CCD-world-circle-ALL-s0.01-o0.0_0.0-hz30-0.jsonl.gz: OK
CCD-world-circle-ALL-s0.01-o0.0_0.0-hz60-0.jsonl.gz: OK
CCD-world-circle-ALL-s0.01-o1000.0_1000.0-hz120-0.jsonl.gz: OK
CCD-world-circle-ALL-s0.01-o1000.0_1000.0-hz30-0.jsonl.gz: OK
CCD-world-circle-ALL-s0.01-o1000.0_1000.0-hz60-0.jsonl.gz: OK
CCD-world-circle-ALL-s0.01-o1000000.0_-1000000.0-hz120-0.jsonl.gz: OK
CCD-world-circle-ALL-s0.01-o1000000.0_-1000000.0-hz30-0.jsonl.gz: OK
CCD-world-circle-ALL-s0.01-o1000000.0_-1000000.0-hz60-0.jsonl.gz: OK
CCD-world-circle-ALL-s1.0-o-1000.0_1000.0-hz120-0.jsonl.gz: OK
CCD-world-circle-ALL-s1.0-o-1000.0_1000.0-hz30-0.jsonl.gz: OK
CCD-world-circle-ALL-s1.0-o-1000.0_1000.0-hz60-0.jsonl.gz: OK
CCD-world-circle-ALL-s1.0-o-1000000.0_1000000.0-hz120-0.jsonl.gz: OK
CCD-world-circle-ALL-s1.0-o-1000000.0_1000000.0-hz30-0.jsonl.gz: OK
CCD-world-circle-ALL-s1.0-o-1000000.0_1000000.0-hz60-0.jsonl.gz: OK
CCD-world-circle-ALL-s1.0-o0.0_0.0-hz120-0.jsonl.gz: OK
CCD-world-circle-ALL-s1.0-o0.0_0.0-hz30-0.jsonl.gz: OK
CCD-world-circle-ALL-s1.0-o0.0_0.0-hz60-0.jsonl.gz: OK
CCD-world-circle-ALL-s1.0-o1000.0_1000.0-hz120-0.jsonl.gz: OK
CCD-world-circle-ALL-s1.0-o1000.0_1000.0-hz30-0.jsonl.gz: OK
CCD-world-circle-ALL-s1.0-o1000.0_1000.0-hz60-0.jsonl.gz: OK
CCD-world-circle-ALL-s1.0-o1000000.0_-1000000.0-hz120-0.jsonl.gz: OK
CCD-world-circle-ALL-s1.0-o1000000.0_-1000000.0-hz30-0.jsonl.gz: OK
CCD-world-circle-ALL-s1.0-o1000000.0_-1000000.0-hz60-0.jsonl.gz: OK
CCD-world-circle-ALL-s100.0-o-1000.0_1000.0-hz120-0.jsonl.gz: OK
CCD-world-circle-ALL-s100.0-o-1000.0_1000.0-hz30-0.jsonl.gz: OK
CCD-world-circle-ALL-s100.0-o-1000.0_1000.0-hz60-0.jsonl.gz: OK
CCD-world-circle-ALL-s100.0-o-1000000.0_1000000.0-hz120-0.jsonl.gz: OK
CCD-world-circle-ALL-s100.0-o-1000000.0_1000000.0-hz30-0.jsonl.gz: OK
CCD-world-circle-ALL-s100.0-o-1000000.0_1000000.0-hz60-0.jsonl.gz: OK
CCD-world-circle-ALL-s100.0-o0.0_0.0-hz120-0.jsonl.gz: OK
CCD-world-circle-ALL-s100.0-o0.0_0.0-hz30-0.jsonl.gz: OK
CCD-world-circle-ALL-s100.0-o0.0_0.0-hz60-0.jsonl.gz: OK
CCD-world-circle-ALL-s100.0-o1000.0_1000.0-hz120-0.jsonl.gz: OK
CCD-world-circle-ALL-s100.0-o1000.0_1000.0-hz30-0.jsonl.gz: OK
CCD-world-circle-ALL-s100.0-o1000.0_1000.0-hz60-0.jsonl.gz: OK
CCD-world-circle-ALL-s100.0-o1000000.0_-1000000.0-hz120-0.jsonl.gz: OK
CCD-world-circle-ALL-s100.0-o1000000.0_-1000000.0-hz30-0.jsonl.gz: OK
CCD-world-circle-ALL-s100.0-o1000000.0_-1000000.0-hz60-0.jsonl.gz: OK
CCD-world-circle-NONE-s0.01-o-1000.0_1000.0-hz120-0.jsonl.gz: OK
CCD-world-circle-NONE-s0.01-o-1000.0_1000.0-hz30-0.jsonl.gz: OK
CCD-world-circle-NONE-s0.01-o-1000.0_1000.0-hz60-0.jsonl.gz: OK
CCD-world-circle-NONE-s0.01-o-1000000.0_1000000.0-hz120-0.jsonl.gz: OK
CCD-world-circle-NONE-s0.01-o-1000000.0_1000000.0-hz30-0.jsonl.gz: OK
CCD-world-circle-NONE-s0.01-o-1000000.0_1000000.0-hz60-0.jsonl.gz: OK
CCD-world-circle-NONE-s0.01-o0.0_0.0-hz120-0.jsonl.gz: OK
CCD-world-circle-NONE-s0.01-o0.0_0.0-hz30-0.jsonl.gz: OK
CCD-world-circle-NONE-s0.01-o0.0_0.0-hz60-0.jsonl.gz: OK
CCD-world-circle-NONE-s0.01-o1000.0_1000.0-hz120-0.jsonl.gz: OK
CCD-world-circle-NONE-s0.01-o1000.0_1000.0-hz30-0.jsonl.gz: OK
CCD-world-circle-NONE-s0.01-o1000.0_1000.0-hz60-0.jsonl.gz: OK
CCD-world-circle-NONE-s0.01-o1000000.0_-1000000.0-hz120-0.jsonl.gz: OK
CCD-world-circle-NONE-s0.01-o1000000.0_-1000000.0-hz30-0.jsonl.gz: OK
CCD-world-circle-NONE-s0.01-o1000000.0_-1000000.0-hz60-0.jsonl.gz: OK
CCD-world-circle-NONE-s1.0-o-1000.0_1000.0-hz120-0.jsonl.gz: OK
CCD-world-circle-NONE-s1.0-o-1000.0_1000.0-hz30-0.jsonl.gz: OK
CCD-world-circle-NONE-s1.0-o-1000.0_1000.0-hz60-0.jsonl.gz: OK
CCD-world-circle-NONE-s1.0-o-1000000.0_1000000.0-hz120-0.jsonl.gz: OK
CCD-world-circle-NONE-s1.0-o-1000000.0_1000000.0-hz30-0.jsonl.gz: OK
CCD-world-circle-NONE-s1.0-o-1000000.0_1000000.0-hz60-0.jsonl.gz: OK
CCD-world-circle-NONE-s1.0-o0.0_0.0-hz120-0.jsonl.gz: OK
CCD-world-circle-NONE-s1.0-o0.0_0.0-hz30-0.jsonl.gz: OK
CCD-world-circle-NONE-s1.0-o0.0_0.0-hz60-0.jsonl.gz: OK
CCD-world-circle-NONE-s1.0-o1000.0_1000.0-hz120-0.jsonl.gz: OK
CCD-world-circle-NONE-s1.0-o1000.0_1000.0-hz30-0.jsonl.gz: OK
CCD-world-circle-NONE-s1.0-o1000.0_1000.0-hz60-0.jsonl.gz: OK
CCD-world-circle-NONE-s1.0-o1000000.0_-1000000.0-hz120-0.jsonl.gz: OK
CCD-world-circle-NONE-s1.0-o1000000.0_-1000000.0-hz30-0.jsonl.gz: OK
CCD-world-circle-NONE-s1.0-o1000000.0_-1000000.0-hz60-0.jsonl.gz: OK
CCD-world-circle-NONE-s100.0-o-1000.0_1000.0-hz120-0.jsonl.gz: OK
CCD-world-circle-NONE-s100.0-o-1000.0_1000.0-hz30-0.jsonl.gz: OK
CCD-world-circle-NONE-s100.0-o-1000.0_1000.0-hz60-0.jsonl.gz: OK
CCD-world-circle-NONE-s100.0-o-1000000.0_1000000.0-hz120-0.jsonl.gz: OK
CCD-world-circle-NONE-s100.0-o-1000000.0_1000000.0-hz30-0.jsonl.gz: OK
CCD-world-circle-NONE-s100.0-o-1000000.0_1000000.0-hz60-0.jsonl.gz: OK
CCD-world-circle-NONE-s100.0-o0.0_0.0-hz120-0.jsonl.gz: OK
CCD-world-circle-NONE-s100.0-o0.0_0.0-hz30-0.jsonl.gz: OK
CCD-world-circle-NONE-s100.0-o0.0_0.0-hz60-0.jsonl.gz: OK
CCD-world-circle-NONE-s100.0-o1000.0_1000.0-hz120-0.jsonl.gz: OK
CCD-world-circle-NONE-s100.0-o1000.0_1000.0-hz30-0.jsonl.gz: OK
CCD-world-circle-NONE-s100.0-o1000.0_1000.0-hz60-0.jsonl.gz: OK
CCD-world-circle-NONE-s100.0-o1000000.0_-1000000.0-hz120-0.jsonl.gz: OK
CCD-world-circle-NONE-s100.0-o1000000.0_-1000000.0-hz30-0.jsonl.gz: OK
CCD-world-circle-NONE-s100.0-o1000000.0_-1000000.0-hz60-0.jsonl.gz: OK
CCD-world-pentagon-ALL-s0.01-o-1000.0_1000.0-hz120-0.jsonl.gz: OK
CCD-world-pentagon-ALL-s0.01-o-1000.0_1000.0-hz30-0.jsonl.gz: OK
CCD-world-pentagon-ALL-s0.01-o-1000.0_1000.0-hz60-0.jsonl.gz: OK
CCD-world-pentagon-ALL-s0.01-o-1000000.0_1000000.0-hz120-0.jsonl.gz: OK
CCD-world-pentagon-ALL-s0.01-o-1000000.0_1000000.0-hz30-0.jsonl.gz: OK
CCD-world-pentagon-ALL-s0.01-o-1000000.0_1000000.0-hz60-0.jsonl.gz: OK
CCD-world-pentagon-ALL-s0.01-o0.0_0.0-hz120-0.jsonl.gz: OK
CCD-world-pentagon-ALL-s0.01-o0.0_0.0-hz30-0.jsonl.gz: OK
CCD-world-pentagon-ALL-s0.01-o0.0_0.0-hz60-0.jsonl.gz: OK
CCD-world-pentagon-ALL-s0.01-o1000.0_1000.0-hz120-0.jsonl.gz: OK
CCD-world-pentagon-ALL-s0.01-o1000.0_1000.0-hz30-0.jsonl.gz: OK
CCD-world-pentagon-ALL-s0.01-o1000.0_1000.0-hz60-0.jsonl.gz: OK
CCD-world-pentagon-ALL-s0.01-o1000000.0_-1000000.0-hz120-0.jsonl.gz: OK
CCD-world-pentagon-ALL-s0.01-o1000000.0_-1000000.0-hz30-0.jsonl.gz: OK
CCD-world-pentagon-ALL-s0.01-o1000000.0_-1000000.0-hz60-0.jsonl.gz: OK
CCD-world-pentagon-ALL-s1.0-o-1000.0_1000.0-hz120-0.jsonl.gz: OK
CCD-world-pentagon-ALL-s1.0-o-1000.0_1000.0-hz30-0.jsonl.gz: OK
CCD-world-pentagon-ALL-s1.0-o-1000.0_1000.0-hz60-0.jsonl.gz: OK
CCD-world-pentagon-ALL-s1.0-o-1000000.0_1000000.0-hz120-0.jsonl.gz: OK
CCD-world-pentagon-ALL-s1.0-o-1000000.0_1000000.0-hz30-0.jsonl.gz: OK
CCD-world-pentagon-ALL-s1.0-o-1000000.0_1000000.0-hz60-0.jsonl.gz: OK
CCD-world-pentagon-ALL-s1.0-o0.0_0.0-hz120-0.jsonl.gz: OK
CCD-world-pentagon-ALL-s1.0-o0.0_0.0-hz30-0.jsonl.gz: OK
CCD-world-pentagon-ALL-s1.0-o0.0_0.0-hz60-0.jsonl.gz: OK
CCD-world-pentagon-ALL-s1.0-o1000.0_1000.0-hz120-0.jsonl.gz: OK
CCD-world-pentagon-ALL-s1.0-o1000.0_1000.0-hz30-0.jsonl.gz: OK
CCD-world-pentagon-ALL-s1.0-o1000.0_1000.0-hz60-0.jsonl.gz: OK
CCD-world-pentagon-ALL-s1.0-o1000000.0_-1000000.0-hz120-0.jsonl.gz: OK
CCD-world-pentagon-ALL-s1.0-o1000000.0_-1000000.0-hz30-0.jsonl.gz: OK
CCD-world-pentagon-ALL-s1.0-o1000000.0_-1000000.0-hz60-0.jsonl.gz: OK
CCD-world-pentagon-ALL-s100.0-o-1000.0_1000.0-hz120-0.jsonl.gz: OK
CCD-world-pentagon-ALL-s100.0-o-1000.0_1000.0-hz30-0.jsonl.gz: OK
CCD-world-pentagon-ALL-s100.0-o-1000.0_1000.0-hz60-0.jsonl.gz: OK
CCD-world-pentagon-ALL-s100.0-o-1000000.0_1000000.0-hz120-0.jsonl.gz: OK
CCD-world-pentagon-ALL-s100.0-o-1000000.0_1000000.0-hz30-0.jsonl.gz: OK
CCD-world-pentagon-ALL-s100.0-o-1000000.0_1000000.0-hz60-0.jsonl.gz: OK
CCD-world-pentagon-ALL-s100.0-o0.0_0.0-hz120-0.jsonl.gz: OK
CCD-world-pentagon-ALL-s100.0-o0.0_0.0-hz30-0.jsonl.gz: OK
CCD-world-pentagon-ALL-s100.0-o0.0_0.0-hz60-0.jsonl.gz: OK
CCD-world-pentagon-ALL-s100.0-o1000.0_1000.0-hz120-0.jsonl.gz: OK
CCD-world-pentagon-ALL-s100.0-o1000.0_1000.0-hz30-0.jsonl.gz: OK
CCD-world-pentagon-ALL-s100.0-o1000.0_1000.0-hz60-0.jsonl.gz: OK
CCD-world-pentagon-ALL-s100.0-o1000000.0_-1000000.0-hz120-0.jsonl.gz: OK
CCD-world-pentagon-ALL-s100.0-o1000000.0_-1000000.0-hz30-0.jsonl.gz: OK
CCD-world-pentagon-ALL-s100.0-o1000000.0_-1000000.0-hz60-0.jsonl.gz: OK
CCD-world-pentagon-NONE-s0.01-o-1000.0_1000.0-hz120-0.jsonl.gz: OK
CCD-world-pentagon-NONE-s0.01-o-1000.0_1000.0-hz30-0.jsonl.gz: OK
CCD-world-pentagon-NONE-s0.01-o-1000.0_1000.0-hz60-0.jsonl.gz: OK
CCD-world-pentagon-NONE-s0.01-o-1000000.0_1000000.0-hz120-0.jsonl.gz: OK
CCD-world-pentagon-NONE-s0.01-o-1000000.0_1000000.0-hz30-0.jsonl.gz: OK
CCD-world-pentagon-NONE-s0.01-o-1000000.0_1000000.0-hz60-0.jsonl.gz: OK
CCD-world-pentagon-NONE-s0.01-o0.0_0.0-hz120-0.jsonl.gz: OK
CCD-world-pentagon-NONE-s0.01-o0.0_0.0-hz30-0.jsonl.gz: OK
CCD-world-pentagon-NONE-s0.01-o0.0_0.0-hz60-0.jsonl.gz: OK
CCD-world-pentagon-NONE-s0.01-o1000.0_1000.0-hz120-0.jsonl.gz: OK
CCD-world-pentagon-NONE-s0.01-o1000.0_1000.0-hz30-0.jsonl.gz: OK
CCD-world-pentagon-NONE-s0.01-o1000.0_1000.0-hz60-0.jsonl.gz: OK
CCD-world-pentagon-NONE-s0.01-o1000000.0_-1000000.0-hz120-0.jsonl.gz: OK
CCD-world-pentagon-NONE-s0.01-o1000000.0_-1000000.0-hz30-0.jsonl.gz: OK
CCD-world-pentagon-NONE-s0.01-o1000000.0_-1000000.0-hz60-0.jsonl.gz: OK
CCD-world-pentagon-NONE-s1.0-o-1000.0_1000.0-hz120-0.jsonl.gz: OK
CCD-world-pentagon-NONE-s1.0-o-1000.0_1000.0-hz30-0.jsonl.gz: OK
CCD-world-pentagon-NONE-s1.0-o-1000.0_1000.0-hz60-0.jsonl.gz: OK
CCD-world-pentagon-NONE-s1.0-o-1000000.0_1000000.0-hz120-0.jsonl.gz: OK
CCD-world-pentagon-NONE-s1.0-o-1000000.0_1000000.0-hz30-0.jsonl.gz: OK
CCD-world-pentagon-NONE-s1.0-o-1000000.0_1000000.0-hz60-0.jsonl.gz: OK
CCD-world-pentagon-NONE-s1.0-o0.0_0.0-hz120-0.jsonl.gz: OK
CCD-world-pentagon-NONE-s1.0-o0.0_0.0-hz30-0.jsonl.gz: OK
CCD-world-pentagon-NONE-s1.0-o0.0_0.0-hz60-0.jsonl.gz: OK
CCD-world-pentagon-NONE-s1.0-o1000.0_1000.0-hz120-0.jsonl.gz: OK
CCD-world-pentagon-NONE-s1.0-o1000.0_1000.0-hz30-0.jsonl.gz: OK
CCD-world-pentagon-NONE-s1.0-o1000.0_1000.0-hz60-0.jsonl.gz: OK
CCD-world-pentagon-NONE-s1.0-o1000000.0_-1000000.0-hz120-0.jsonl.gz: OK
CCD-world-pentagon-NONE-s1.0-o1000000.0_-1000000.0-hz30-0.jsonl.gz: OK
CCD-world-pentagon-NONE-s1.0-o1000000.0_-1000000.0-hz60-0.jsonl.gz: OK
CCD-world-pentagon-NONE-s100.0-o-1000.0_1000.0-hz120-0.jsonl.gz: OK
CCD-world-pentagon-NONE-s100.0-o-1000.0_1000.0-hz30-0.jsonl.gz: OK
CCD-world-pentagon-NONE-s100.0-o-1000.0_1000.0-hz60-0.jsonl.gz: OK
CCD-world-pentagon-NONE-s100.0-o-1000000.0_1000000.0-hz120-0.jsonl.gz: OK
CCD-world-pentagon-NONE-s100.0-o-1000000.0_1000000.0-hz30-0.jsonl.gz: OK
CCD-world-pentagon-NONE-s100.0-o-1000000.0_1000000.0-hz60-0.jsonl.gz: OK
CCD-world-pentagon-NONE-s100.0-o0.0_0.0-hz120-0.jsonl.gz: OK
CCD-world-pentagon-NONE-s100.0-o0.0_0.0-hz30-0.jsonl.gz: OK
CCD-world-pentagon-NONE-s100.0-o0.0_0.0-hz60-0.jsonl.gz: OK
CCD-world-pentagon-NONE-s100.0-o1000.0_1000.0-hz120-0.jsonl.gz: OK
CCD-world-pentagon-NONE-s100.0-o1000.0_1000.0-hz30-0.jsonl.gz: OK
CCD-world-pentagon-NONE-s100.0-o1000.0_1000.0-hz60-0.jsonl.gz: OK
CCD-world-pentagon-NONE-s100.0-o1000000.0_-1000000.0-hz120-0.jsonl.gz: OK
CCD-world-pentagon-NONE-s100.0-o1000000.0_-1000000.0-hz30-0.jsonl.gz: OK
CCD-world-pentagon-NONE-s100.0-o1000000.0_-1000000.0-hz60-0.jsonl.gz: OK
F-integrator-damping0.0-s0.01-o-1000.0_1000.0-hz60-0.jsonl.gz: OK
F-integrator-damping0.0-s0.01-o-1000000.0_1000000.0-hz60-0.jsonl.gz: OK
F-integrator-damping0.0-s0.01-o0.0_0.0-hz60-0.jsonl.gz: OK
F-integrator-damping0.0-s0.01-o1000.0_1000.0-hz60-0.jsonl.gz: OK
F-integrator-damping0.0-s0.01-o1000000.0_-1000000.0-hz60-0.jsonl.gz: OK
F-integrator-damping0.0-s1.0-o-1000.0_1000.0-hz60-0.jsonl.gz: OK
F-integrator-damping0.0-s1.0-o-1000000.0_1000000.0-hz60-0.jsonl.gz: OK
F-integrator-damping0.0-s1.0-o0.0_0.0-hz60-0.jsonl.gz: OK
F-integrator-damping0.0-s1.0-o1000.0_1000.0-hz60-0.jsonl.gz: OK
F-integrator-damping0.0-s1.0-o1000000.0_-1000000.0-hz60-0.jsonl.gz: OK
F-integrator-damping0.0-s100.0-o-1000.0_1000.0-hz60-0.jsonl.gz: OK
F-integrator-damping0.0-s100.0-o-1000000.0_1000000.0-hz60-0.jsonl.gz: OK
F-integrator-damping0.0-s100.0-o0.0_0.0-hz60-0.jsonl.gz: OK
F-integrator-damping0.0-s100.0-o1000.0_1000.0-hz60-0.jsonl.gz: OK
F-integrator-damping0.0-s100.0-o1000000.0_-1000000.0-hz60-0.jsonl.gz: OK
F-integrator-damping0.1-s0.01-o-1000.0_1000.0-hz60-0.jsonl.gz: OK
F-integrator-damping0.1-s0.01-o-1000000.0_1000000.0-hz60-0.jsonl.gz: OK
F-integrator-damping0.1-s0.01-o0.0_0.0-hz60-0.jsonl.gz: OK
F-integrator-damping0.1-s0.01-o1000.0_1000.0-hz60-0.jsonl.gz: OK
F-integrator-damping0.1-s0.01-o1000000.0_-1000000.0-hz60-0.jsonl.gz: OK
F-integrator-damping0.1-s1.0-o-1000.0_1000.0-hz60-0.jsonl.gz: OK
F-integrator-damping0.1-s1.0-o-1000000.0_1000000.0-hz60-0.jsonl.gz: OK
F-integrator-damping0.1-s1.0-o0.0_0.0-hz60-0.jsonl.gz: OK
F-integrator-damping0.1-s1.0-o1000.0_1000.0-hz60-0.jsonl.gz: OK
F-integrator-damping0.1-s1.0-o1000000.0_-1000000.0-hz60-0.jsonl.gz: OK
F-integrator-damping0.1-s100.0-o-1000.0_1000.0-hz60-0.jsonl.gz: OK
F-integrator-damping0.1-s100.0-o-1000000.0_1000000.0-hz60-0.jsonl.gz: OK
F-integrator-damping0.1-s100.0-o0.0_0.0-hz60-0.jsonl.gz: OK
F-integrator-damping0.1-s100.0-o1000.0_1000.0-hz60-0.jsonl.gz: OK
F-integrator-damping0.1-s100.0-o1000000.0_-1000000.0-hz60-0.jsonl.gz: OK
L-free-s1.0-o0.0_0.0-hz60-0.jsonl.gz: OK
L-spring-damperfalse-s0.01-o-1000.0_1000.0-hz120-0.jsonl.gz: OK
L-spring-damperfalse-s0.01-o-1000.0_1000.0-hz30-0.jsonl.gz: OK
L-spring-damperfalse-s0.01-o-1000.0_1000.0-hz60-0.jsonl.gz: OK
L-spring-damperfalse-s0.01-o-1000000.0_1000000.0-hz120-0.jsonl.gz: OK
L-spring-damperfalse-s0.01-o-1000000.0_1000000.0-hz30-0.jsonl.gz: OK
L-spring-damperfalse-s0.01-o-1000000.0_1000000.0-hz60-0.jsonl.gz: OK
L-spring-damperfalse-s0.01-o0.0_0.0-hz120-0.jsonl.gz: OK
L-spring-damperfalse-s0.01-o0.0_0.0-hz30-0.jsonl.gz: OK
L-spring-damperfalse-s0.01-o0.0_0.0-hz60-0.jsonl.gz: OK
L-spring-damperfalse-s0.01-o1000.0_1000.0-hz120-0.jsonl.gz: OK
L-spring-damperfalse-s0.01-o1000.0_1000.0-hz30-0.jsonl.gz: OK
L-spring-damperfalse-s0.01-o1000.0_1000.0-hz60-0.jsonl.gz: OK
L-spring-damperfalse-s0.01-o1000000.0_-1000000.0-hz120-0.jsonl.gz: OK
L-spring-damperfalse-s0.01-o1000000.0_-1000000.0-hz30-0.jsonl.gz: OK
L-spring-damperfalse-s0.01-o1000000.0_-1000000.0-hz60-0.jsonl.gz: OK
L-spring-damperfalse-s1.0-o-1000.0_1000.0-hz120-0.jsonl.gz: OK
L-spring-damperfalse-s1.0-o-1000.0_1000.0-hz30-0.jsonl.gz: OK
L-spring-damperfalse-s1.0-o-1000.0_1000.0-hz60-0.jsonl.gz: OK
L-spring-damperfalse-s1.0-o-1000000.0_1000000.0-hz120-0.jsonl.gz: OK
L-spring-damperfalse-s1.0-o-1000000.0_1000000.0-hz30-0.jsonl.gz: OK
L-spring-damperfalse-s1.0-o-1000000.0_1000000.0-hz60-0.jsonl.gz: OK
L-spring-damperfalse-s1.0-o0.0_0.0-hz120-0.jsonl.gz: OK
L-spring-damperfalse-s1.0-o0.0_0.0-hz30-0.jsonl.gz: OK
L-spring-damperfalse-s1.0-o0.0_0.0-hz60-0.jsonl.gz: OK
L-spring-damperfalse-s1.0-o1000.0_1000.0-hz120-0.jsonl.gz: OK
L-spring-damperfalse-s1.0-o1000.0_1000.0-hz30-0.jsonl.gz: OK
L-spring-damperfalse-s1.0-o1000.0_1000.0-hz60-0.jsonl.gz: OK
L-spring-damperfalse-s1.0-o1000000.0_-1000000.0-hz120-0.jsonl.gz: OK
L-spring-damperfalse-s1.0-o1000000.0_-1000000.0-hz30-0.jsonl.gz: OK
L-spring-damperfalse-s1.0-o1000000.0_-1000000.0-hz60-0.jsonl.gz: OK
L-spring-damperfalse-s100.0-o-1000.0_1000.0-hz120-0.jsonl.gz: OK
L-spring-damperfalse-s100.0-o-1000.0_1000.0-hz30-0.jsonl.gz: OK
L-spring-damperfalse-s100.0-o-1000.0_1000.0-hz60-0.jsonl.gz: OK
L-spring-damperfalse-s100.0-o-1000000.0_1000000.0-hz120-0.jsonl.gz: OK
L-spring-damperfalse-s100.0-o-1000000.0_1000000.0-hz30-0.jsonl.gz: OK
L-spring-damperfalse-s100.0-o-1000000.0_1000000.0-hz60-0.jsonl.gz: OK
L-spring-damperfalse-s100.0-o0.0_0.0-hz120-0.jsonl.gz: OK
L-spring-damperfalse-s100.0-o0.0_0.0-hz30-0.jsonl.gz: OK
L-spring-damperfalse-s100.0-o0.0_0.0-hz60-0.jsonl.gz: OK
L-spring-damperfalse-s100.0-o1000.0_1000.0-hz120-0.jsonl.gz: OK
L-spring-damperfalse-s100.0-o1000.0_1000.0-hz30-0.jsonl.gz: OK
L-spring-damperfalse-s100.0-o1000.0_1000.0-hz60-0.jsonl.gz: OK
L-spring-damperfalse-s100.0-o1000000.0_-1000000.0-hz120-0.jsonl.gz: OK
L-spring-damperfalse-s100.0-o1000000.0_-1000000.0-hz30-0.jsonl.gz: OK
L-spring-damperfalse-s100.0-o1000000.0_-1000000.0-hz60-0.jsonl.gz: OK
L-spring-dampertrue-s0.01-o-1000.0_1000.0-hz120-0.jsonl.gz: OK
L-spring-dampertrue-s0.01-o-1000.0_1000.0-hz30-0.jsonl.gz: OK
L-spring-dampertrue-s0.01-o-1000.0_1000.0-hz60-0.jsonl.gz: OK
L-spring-dampertrue-s0.01-o-1000000.0_1000000.0-hz120-0.jsonl.gz: OK
L-spring-dampertrue-s0.01-o-1000000.0_1000000.0-hz30-0.jsonl.gz: OK
L-spring-dampertrue-s0.01-o-1000000.0_1000000.0-hz60-0.jsonl.gz: OK
L-spring-dampertrue-s0.01-o0.0_0.0-hz120-0.jsonl.gz: OK
L-spring-dampertrue-s0.01-o0.0_0.0-hz30-0.jsonl.gz: OK
L-spring-dampertrue-s0.01-o0.0_0.0-hz60-0.jsonl.gz: OK
L-spring-dampertrue-s0.01-o1000.0_1000.0-hz120-0.jsonl.gz: OK
L-spring-dampertrue-s0.01-o1000.0_1000.0-hz30-0.jsonl.gz: OK
L-spring-dampertrue-s0.01-o1000.0_1000.0-hz60-0.jsonl.gz: OK
L-spring-dampertrue-s0.01-o1000000.0_-1000000.0-hz120-0.jsonl.gz: OK
L-spring-dampertrue-s0.01-o1000000.0_-1000000.0-hz30-0.jsonl.gz: OK
L-spring-dampertrue-s0.01-o1000000.0_-1000000.0-hz60-0.jsonl.gz: OK
L-spring-dampertrue-s1.0-o-1000.0_1000.0-hz120-0.jsonl.gz: OK
L-spring-dampertrue-s1.0-o-1000.0_1000.0-hz30-0.jsonl.gz: OK
L-spring-dampertrue-s1.0-o-1000.0_1000.0-hz60-0.jsonl.gz: OK
L-spring-dampertrue-s1.0-o-1000000.0_1000000.0-hz120-0.jsonl.gz: OK
L-spring-dampertrue-s1.0-o-1000000.0_1000000.0-hz30-0.jsonl.gz: OK
L-spring-dampertrue-s1.0-o-1000000.0_1000000.0-hz60-0.jsonl.gz: OK
L-spring-dampertrue-s1.0-o0.0_0.0-hz120-0.jsonl.gz: OK
L-spring-dampertrue-s1.0-o0.0_0.0-hz30-0.jsonl.gz: OK
L-spring-dampertrue-s1.0-o0.0_0.0-hz60-0.jsonl.gz: OK
L-spring-dampertrue-s1.0-o1000.0_1000.0-hz120-0.jsonl.gz: OK
L-spring-dampertrue-s1.0-o1000.0_1000.0-hz30-0.jsonl.gz: OK
L-spring-dampertrue-s1.0-o1000.0_1000.0-hz60-0.jsonl.gz: OK
L-spring-dampertrue-s1.0-o1000000.0_-1000000.0-hz120-0.jsonl.gz: OK
L-spring-dampertrue-s1.0-o1000000.0_-1000000.0-hz30-0.jsonl.gz: OK
L-spring-dampertrue-s1.0-o1000000.0_-1000000.0-hz60-0.jsonl.gz: OK
L-spring-dampertrue-s100.0-o-1000.0_1000.0-hz120-0.jsonl.gz: OK
L-spring-dampertrue-s100.0-o-1000.0_1000.0-hz30-0.jsonl.gz: OK
L-spring-dampertrue-s100.0-o-1000.0_1000.0-hz60-0.jsonl.gz: OK
L-spring-dampertrue-s100.0-o-1000000.0_1000000.0-hz120-0.jsonl.gz: OK
L-spring-dampertrue-s100.0-o-1000000.0_1000000.0-hz30-0.jsonl.gz: OK
L-spring-dampertrue-s100.0-o-1000000.0_1000000.0-hz60-0.jsonl.gz: OK
L-spring-dampertrue-s100.0-o0.0_0.0-hz120-0.jsonl.gz: OK
L-spring-dampertrue-s100.0-o0.0_0.0-hz30-0.jsonl.gz: OK
L-spring-dampertrue-s100.0-o0.0_0.0-hz60-0.jsonl.gz: OK
L-spring-dampertrue-s100.0-o1000.0_1000.0-hz120-0.jsonl.gz: OK
L-spring-dampertrue-s100.0-o1000.0_1000.0-hz30-0.jsonl.gz: OK
L-spring-dampertrue-s100.0-o1000.0_1000.0-hz60-0.jsonl.gz: OK
L-spring-dampertrue-s100.0-o1000000.0_-1000000.0-hz120-0.jsonl.gz: OK
L-spring-dampertrue-s100.0-o1000000.0_-1000000.0-hz30-0.jsonl.gz: OK
L-spring-dampertrue-s100.0-o1000000.0_-1000000.0-hz60-0.jsonl.gz: OK
P-J-Angle-LimitsEnabled-false-0.jsonl.gz: OK
P-J-Angle-LimitsEnabled-toggle-0.jsonl.gz: OK
P-J-Angle-LimitsEnabled-true-0.jsonl.gz: OK
P-J-Angle-Ratio--1.0-0.jsonl.gz: OK
P-J-Angle-Ratio-0.5-0.jsonl.gz: OK
P-J-Angle-Ratio-1.0-0.jsonl.gz: OK
P-J-Angle-Ratio-2.0-0.jsonl.gz: OK
P-J-Angle-initial-0.jsonl.gz: OK
P-J-Angle-limits-equal-0.jsonl.gz: OK
P-J-Angle-limits-range-0.jsonl.gz: OK
P-J-Angle-ratio-limits-off--1.0-0.jsonl.gz: OK
P-J-Angle-ratio-limits-off-0.5-0.jsonl.gz: OK
P-J-Angle-ratio-limits-off-1.0-0.jsonl.gz: OK
P-J-Angle-ratio-limits-off-2.0-0.jsonl.gz: OK
P-J-Distance-LimitsEnabled-false-0.jsonl.gz: OK
P-J-Distance-LimitsEnabled-toggle-0.jsonl.gz: OK
P-J-Distance-LimitsEnabled-true-0.jsonl.gz: OK
P-J-Distance-LowerLimitEnabled-false-0.jsonl.gz: OK
P-J-Distance-LowerLimitEnabled-toggle-0.jsonl.gz: OK
P-J-Distance-LowerLimitEnabled-true-0.jsonl.gz: OK
P-J-Distance-MaximumSpringForce-0.0-0.jsonl.gz: OK
P-J-Distance-MaximumSpringForce-10.0-0.jsonl.gz: OK
P-J-Distance-MaximumSpringForce-1000.0-0.jsonl.gz: OK
P-J-Distance-MaximumSpringForceEnabled-false-0.jsonl.gz: OK
P-J-Distance-MaximumSpringForceEnabled-toggle-0.jsonl.gz: OK
P-J-Distance-MaximumSpringForceEnabled-true-0.jsonl.gz: OK
P-J-Distance-SpringDamperEnabled-false-0.jsonl.gz: OK
P-J-Distance-SpringDamperEnabled-toggle-0.jsonl.gz: OK
P-J-Distance-SpringDamperEnabled-true-0.jsonl.gz: OK
P-J-Distance-SpringDampingRatio-0.0-0.jsonl.gz: OK
P-J-Distance-SpringDampingRatio-0.2-0.jsonl.gz: OK
P-J-Distance-SpringDampingRatio-1.0-0.jsonl.gz: OK
P-J-Distance-SpringEnabled-false-0.jsonl.gz: OK
P-J-Distance-SpringEnabled-toggle-0.jsonl.gz: OK
P-J-Distance-SpringEnabled-true-0.jsonl.gz: OK
P-J-Distance-SpringFrequency-2.0-0.jsonl.gz: OK
P-J-Distance-SpringFrequency-8.0-0.jsonl.gz: OK
P-J-Distance-UpperLimitEnabled-false-0.jsonl.gz: OK
P-J-Distance-UpperLimitEnabled-toggle-0.jsonl.gz: OK
P-J-Distance-UpperLimitEnabled-true-0.jsonl.gz: OK
P-J-Distance-initial-0.jsonl.gz: OK
P-J-Distance-interaction-0.jsonl.gz: OK
P-J-Distance-limits-equal-0.jsonl.gz: OK
P-J-Distance-stiffness-from-2.0Hz-0x1.f019b59389d7bp6-0.jsonl.gz: OK
P-J-Distance-stiffness-from-8.0Hz-0x1.f019b59389d7bp10-0.jsonl.gz: OK
P-J-Friction-MaximumForce-0.0-0.jsonl.gz: OK
P-J-Friction-MaximumForce-10.0-0.jsonl.gz: OK
P-J-Friction-MaximumForce-1000.0-0.jsonl.gz: OK
P-J-Friction-MaximumTorque-0.0-0.jsonl.gz: OK
P-J-Friction-MaximumTorque-0.25-0.jsonl.gz: OK
P-J-Friction-MaximumTorque-10.0-0.jsonl.gz: OK
P-J-Friction-initial-0.jsonl.gz: OK
P-J-Motor-CorrectionFactor-0.0-0.jsonl.gz: OK
P-J-Motor-CorrectionFactor-0.3-0.jsonl.gz: OK
P-J-Motor-CorrectionFactor-1.0-0.jsonl.gz: OK
P-J-Motor-MaximumForce-0.0-0.jsonl.gz: OK
P-J-Motor-MaximumForce-10.0-0.jsonl.gz: OK
P-J-Motor-MaximumForce-1000.0-0.jsonl.gz: OK
P-J-Motor-MaximumTorque-0.0-0.jsonl.gz: OK
P-J-Motor-MaximumTorque-0.25-0.jsonl.gz: OK
P-J-Motor-MaximumTorque-10.0-0.jsonl.gz: OK
P-J-Motor-initial-0.jsonl.gz: OK
P-J-Motor-moving-angular-target-0.jsonl.gz: OK
P-J-Motor-moving-linear-target-0.jsonl.gz: OK
P-J-Pin-CorrectionFactor-0.0-0.jsonl.gz: OK
P-J-Pin-CorrectionFactor-0.3-0.jsonl.gz: OK
P-J-Pin-CorrectionFactor-1.0-0.jsonl.gz: OK
P-J-Pin-MaximumCorrectionForce-0.0-0.jsonl.gz: OK
P-J-Pin-MaximumCorrectionForce-10.0-0.jsonl.gz: OK
P-J-Pin-MaximumCorrectionForce-1000.0-0.jsonl.gz: OK
P-J-Pin-MaximumSpringForce-0.0-0.jsonl.gz: OK
P-J-Pin-MaximumSpringForce-10.0-0.jsonl.gz: OK
P-J-Pin-MaximumSpringForce-1000.0-0.jsonl.gz: OK
P-J-Pin-MaximumSpringForceEnabled-false-0.jsonl.gz: OK
P-J-Pin-MaximumSpringForceEnabled-toggle-0.jsonl.gz: OK
P-J-Pin-MaximumSpringForceEnabled-true-0.jsonl.gz: OK
P-J-Pin-SpringDamperEnabled-false-0.jsonl.gz: OK
P-J-Pin-SpringDamperEnabled-toggle-0.jsonl.gz: OK
P-J-Pin-SpringDamperEnabled-true-0.jsonl.gz: OK
P-J-Pin-SpringDampingRatio-0.0-0.jsonl.gz: OK
P-J-Pin-SpringDampingRatio-0.2-0.jsonl.gz: OK
P-J-Pin-SpringDampingRatio-1.0-0.jsonl.gz: OK
P-J-Pin-SpringEnabled-false-0.jsonl.gz: OK
P-J-Pin-SpringEnabled-toggle-0.jsonl.gz: OK
P-J-Pin-SpringEnabled-true-0.jsonl.gz: OK
P-J-Pin-SpringFrequency-2.0-0.jsonl.gz: OK
P-J-Pin-SpringFrequency-8.0-0.jsonl.gz: OK
P-J-Pin-initial-0.jsonl.gz: OK
P-J-Pin-moving-linear-target-0.jsonl.gz: OK
P-J-Pin-stiffness-from-2.0Hz-0x1.f019b59389d7bp7-0.jsonl.gz: OK
P-J-Pin-stiffness-from-8.0Hz-0x1.f019b59389d7bp11-0.jsonl.gz: OK
P-J-Prismatic-LimitsEnabled-false-0.jsonl.gz: OK
P-J-Prismatic-LimitsEnabled-toggle-0.jsonl.gz: OK
P-J-Prismatic-LimitsEnabled-true-0.jsonl.gz: OK
P-J-Prismatic-LowerLimitEnabled-false-0.jsonl.gz: OK
P-J-Prismatic-LowerLimitEnabled-toggle-0.jsonl.gz: OK
P-J-Prismatic-LowerLimitEnabled-true-0.jsonl.gz: OK
P-J-Prismatic-MaximumMotorForce-0.0-0.jsonl.gz: OK
P-J-Prismatic-MaximumMotorForce-10.0-0.jsonl.gz: OK
P-J-Prismatic-MaximumMotorForce-1000.0-0.jsonl.gz: OK
P-J-Prismatic-MaximumMotorForceEnabled-false-0.jsonl.gz: OK
P-J-Prismatic-MaximumMotorForceEnabled-toggle-0.jsonl.gz: OK
P-J-Prismatic-MaximumMotorForceEnabled-true-0.jsonl.gz: OK
P-J-Prismatic-MaximumSpringForce-0.0-0.jsonl.gz: OK
P-J-Prismatic-MaximumSpringForce-10.0-0.jsonl.gz: OK
P-J-Prismatic-MaximumSpringForce-1000.0-0.jsonl.gz: OK
P-J-Prismatic-MaximumSpringForceEnabled-false-0.jsonl.gz: OK
P-J-Prismatic-MaximumSpringForceEnabled-toggle-0.jsonl.gz: OK
P-J-Prismatic-MaximumSpringForceEnabled-true-0.jsonl.gz: OK
P-J-Prismatic-MotorEnabled-false-0.jsonl.gz: OK
P-J-Prismatic-MotorEnabled-toggle-0.jsonl.gz: OK
P-J-Prismatic-MotorEnabled-true-0.jsonl.gz: OK
P-J-Prismatic-MotorSpeed--1.0-0.jsonl.gz: OK
P-J-Prismatic-MotorSpeed-0.0-0.jsonl.gz: OK
P-J-Prismatic-MotorSpeed-1.0-0.jsonl.gz: OK
P-J-Prismatic-SpringDamperEnabled-false-0.jsonl.gz: OK
P-J-Prismatic-SpringDamperEnabled-toggle-0.jsonl.gz: OK
P-J-Prismatic-SpringDamperEnabled-true-0.jsonl.gz: OK
P-J-Prismatic-SpringDampingRatio-0.0-0.jsonl.gz: OK
P-J-Prismatic-SpringDampingRatio-0.2-0.jsonl.gz: OK
P-J-Prismatic-SpringDampingRatio-1.0-0.jsonl.gz: OK
P-J-Prismatic-SpringEnabled-false-0.jsonl.gz: OK
P-J-Prismatic-SpringEnabled-toggle-0.jsonl.gz: OK
P-J-Prismatic-SpringEnabled-true-0.jsonl.gz: OK
P-J-Prismatic-SpringFrequency-2.0-0.jsonl.gz: OK
P-J-Prismatic-SpringFrequency-8.0-0.jsonl.gz: OK
P-J-Prismatic-UpperLimitEnabled-false-0.jsonl.gz: OK
P-J-Prismatic-UpperLimitEnabled-toggle-0.jsonl.gz: OK
P-J-Prismatic-UpperLimitEnabled-true-0.jsonl.gz: OK
P-J-Prismatic-initial-0.jsonl.gz: OK
P-J-Prismatic-interaction-0.jsonl.gz: OK
P-J-Prismatic-limits-equal-0.jsonl.gz: OK
P-J-Prismatic-limits-range-0.jsonl.gz: OK
P-J-Prismatic-stiffness-from-2.0Hz-0x1.f019b59389d7bp6-0.jsonl.gz: OK
P-J-Prismatic-stiffness-from-8.0Hz-0x1.f019b59389d7bp10-0.jsonl.gz: OK
P-J-Pulley-Ratio-0.5-0.jsonl.gz: OK
P-J-Pulley-Ratio-1.0-0.jsonl.gz: OK
P-J-Pulley-Ratio-2.0-0.jsonl.gz: OK
P-J-Pulley-SlackEnabled-false-0.jsonl.gz: OK
P-J-Pulley-SlackEnabled-toggle-0.jsonl.gz: OK
P-J-Pulley-SlackEnabled-true-0.jsonl.gz: OK
P-J-Pulley-initial-0.jsonl.gz: OK
P-J-Revolute-LimitsEnabled-false-0.jsonl.gz: OK
P-J-Revolute-LimitsEnabled-toggle-0.jsonl.gz: OK
P-J-Revolute-LimitsEnabled-true-0.jsonl.gz: OK
P-J-Revolute-MaximumMotorTorque-0.0-0.jsonl.gz: OK
P-J-Revolute-MaximumMotorTorque-0.25-0.jsonl.gz: OK
P-J-Revolute-MaximumMotorTorque-10.0-0.jsonl.gz: OK
P-J-Revolute-MaximumMotorTorqueEnabled-false-0.jsonl.gz: OK
P-J-Revolute-MaximumMotorTorqueEnabled-toggle-0.jsonl.gz: OK
P-J-Revolute-MaximumMotorTorqueEnabled-true-0.jsonl.gz: OK
P-J-Revolute-MotorEnabled-false-0.jsonl.gz: OK
P-J-Revolute-MotorEnabled-toggle-0.jsonl.gz: OK
P-J-Revolute-MotorEnabled-true-0.jsonl.gz: OK
P-J-Revolute-MotorSpeed--1.5707963267948966-0.jsonl.gz: OK
P-J-Revolute-MotorSpeed-0.0-0.jsonl.gz: OK
P-J-Revolute-MotorSpeed-1.5707963267948966-0.jsonl.gz: OK
P-J-Revolute-initial-0.jsonl.gz: OK
P-J-Revolute-interaction-0.jsonl.gz: OK
P-J-Revolute-limits-equal-0.jsonl.gz: OK
P-J-Revolute-limits-range-0.jsonl.gz: OK
P-J-Weld-LimitsEnabled-false-0.jsonl.gz: OK
P-J-Weld-LimitsEnabled-toggle-0.jsonl.gz: OK
P-J-Weld-LimitsEnabled-true-0.jsonl.gz: OK
P-J-Weld-MaximumSpringTorque-0.0-0.jsonl.gz: OK
P-J-Weld-MaximumSpringTorque-0.25-0.jsonl.gz: OK
P-J-Weld-MaximumSpringTorque-10.0-0.jsonl.gz: OK
P-J-Weld-MaximumSpringTorqueEnabled-false-0.jsonl.gz: OK
P-J-Weld-MaximumSpringTorqueEnabled-toggle-0.jsonl.gz: OK
P-J-Weld-MaximumSpringTorqueEnabled-true-0.jsonl.gz: OK
P-J-Weld-SpringDamperEnabled-false-0.jsonl.gz: OK
P-J-Weld-SpringDamperEnabled-toggle-0.jsonl.gz: OK
P-J-Weld-SpringDamperEnabled-true-0.jsonl.gz: OK
P-J-Weld-SpringDampingRatio-0.0-0.jsonl.gz: OK
P-J-Weld-SpringDampingRatio-0.2-0.jsonl.gz: OK
P-J-Weld-SpringDampingRatio-1.0-0.jsonl.gz: OK
P-J-Weld-SpringEnabled-false-0.jsonl.gz: OK
P-J-Weld-SpringEnabled-toggle-0.jsonl.gz: OK
P-J-Weld-SpringEnabled-true-0.jsonl.gz: OK
P-J-Weld-SpringFrequency-2.0-0.jsonl.gz: OK
P-J-Weld-SpringFrequency-8.0-0.jsonl.gz: OK
P-J-Weld-initial-0.jsonl.gz: OK
P-J-Weld-interaction-0.jsonl.gz: OK
P-J-Weld-limits-equal-0.jsonl.gz: OK
P-J-Weld-limits-range-0.jsonl.gz: OK
P-J-Weld-stiffness-from-2.0Hz-0x1.07307fd73e4e4p3-0.jsonl.gz: OK
P-J-Weld-stiffness-from-8.0Hz-0x1.07307fd73e4e4p7-0.jsonl.gz: OK
P-J-Wheel-LimitsEnabled-false-0.jsonl.gz: OK
P-J-Wheel-LimitsEnabled-toggle-0.jsonl.gz: OK
P-J-Wheel-LimitsEnabled-true-0.jsonl.gz: OK
P-J-Wheel-LowerLimitEnabled-false-0.jsonl.gz: OK
P-J-Wheel-LowerLimitEnabled-toggle-0.jsonl.gz: OK
P-J-Wheel-LowerLimitEnabled-true-0.jsonl.gz: OK
P-J-Wheel-MaximumMotorTorque-0.0-0.jsonl.gz: OK
P-J-Wheel-MaximumMotorTorque-0.25-0.jsonl.gz: OK
P-J-Wheel-MaximumMotorTorque-10.0-0.jsonl.gz: OK
P-J-Wheel-MaximumMotorTorqueEnabled-false-0.jsonl.gz: OK
P-J-Wheel-MaximumMotorTorqueEnabled-toggle-0.jsonl.gz: OK
P-J-Wheel-MaximumMotorTorqueEnabled-true-0.jsonl.gz: OK
P-J-Wheel-MaximumSpringForce-0.0-0.jsonl.gz: OK
P-J-Wheel-MaximumSpringForce-10.0-0.jsonl.gz: OK
P-J-Wheel-MaximumSpringForce-1000.0-0.jsonl.gz: OK
P-J-Wheel-MaximumSpringForceEnabled-false-0.jsonl.gz: OK
P-J-Wheel-MaximumSpringForceEnabled-toggle-0.jsonl.gz: OK
P-J-Wheel-MaximumSpringForceEnabled-true-0.jsonl.gz: OK
P-J-Wheel-MotorEnabled-false-0.jsonl.gz: OK
P-J-Wheel-MotorEnabled-toggle-0.jsonl.gz: OK
P-J-Wheel-MotorEnabled-true-0.jsonl.gz: OK
P-J-Wheel-MotorSpeed--1.5707963267948966-0.jsonl.gz: OK
P-J-Wheel-MotorSpeed-0.0-0.jsonl.gz: OK
P-J-Wheel-MotorSpeed-1.5707963267948966-0.jsonl.gz: OK
P-J-Wheel-SpringDamperEnabled-false-0.jsonl.gz: OK
P-J-Wheel-SpringDamperEnabled-toggle-0.jsonl.gz: OK
P-J-Wheel-SpringDamperEnabled-true-0.jsonl.gz: OK
P-J-Wheel-SpringDampingRatio-0.0-0.jsonl.gz: OK
P-J-Wheel-SpringDampingRatio-0.2-0.jsonl.gz: OK
P-J-Wheel-SpringDampingRatio-1.0-0.jsonl.gz: OK
P-J-Wheel-SpringEnabled-false-0.jsonl.gz: OK
P-J-Wheel-SpringEnabled-toggle-0.jsonl.gz: OK
P-J-Wheel-SpringEnabled-true-0.jsonl.gz: OK
P-J-Wheel-SpringFrequency-2.0-0.jsonl.gz: OK
P-J-Wheel-SpringFrequency-8.0-0.jsonl.gz: OK
P-J-Wheel-UpperLimitEnabled-false-0.jsonl.gz: OK
P-J-Wheel-UpperLimitEnabled-toggle-0.jsonl.gz: OK
P-J-Wheel-UpperLimitEnabled-true-0.jsonl.gz: OK
P-J-Wheel-initial-0.jsonl.gz: OK
P-J-Wheel-interaction-0.jsonl.gz: OK
P-J-Wheel-limits-equal-0.jsonl.gz: OK
P-J-Wheel-limits-range-0.jsonl.gz: OK
P-J-Wheel-stiffness-from-2.0Hz-0x1.f019b59389d7bp6-0.jsonl.gz: OK
P-J-Wheel-stiffness-from-8.0Hz-0x1.f019b59389d7bp10-0.jsonl.gz: OK
U-AngleJointSimulationTest.simpleLinkage-0.jsonl.gz: OK
U-AngleJointSimulationTest.simpleLinkage-1.jsonl.gz: OK
U-AngleJointSimulationTest.simpleLinkage-2.jsonl.gz: OK
U-AngleJointSimulationTest.withLimitsHitLower-0.jsonl.gz: OK
U-AngleJointSimulationTest.withLimitsHitLower-40.jsonl.gz: OK
U-AngleJointSimulationTest.withLimitsHitUpper-0.jsonl.gz: OK
U-AngleJointSimulationTest.withLimitsHitUpper-40.jsonl.gz: OK
U-DistanceJointSimulationTest.fixedDistance-0.jsonl.gz: OK
U-DistanceJointSimulationTest.limits-0.jsonl.gz: OK
U-DistanceJointSimulationTest.limits-1.jsonl.gz: OK
U-DistanceJointSimulationTest.limits-2.jsonl.gz: OK
U-DistanceJointSimulationTest.limits-3.jsonl.gz: OK
U-DistanceJointSimulationTest.limits-4.jsonl.gz: OK
U-DistanceJointSimulationTest.limitsWithSpring-0.jsonl.gz: OK
U-DistanceJointSimulationTest.lowerLimitWithSpring-0.jsonl.gz: OK
U-DistanceJointSimulationTest.springOnly-0.jsonl.gz: OK
U-DistanceJointSimulationTest.springWithMaxForce-0.jsonl.gz: OK
U-DistanceJointSimulationTest.springWithMaxForce-1.jsonl.gz: OK
U-DistanceJointSimulationTest.upperLimitWithSpring-0.jsonl.gz: OK
U-ForceSimulationTest.applyTimed-0.jsonl.gz: OK
U-ForceSimulationTest.applyTimed-1.jsonl.gz: OK
U-FrictionJointSimulationTest.simulationWithLargeForceTorqueMaximums-0.jsonl.gz: OK
U-FrictionJointSimulationTest.simulationWithLargeForceTorqueMaximums-1.jsonl.gz: OK
U-FrictionJointSimulationTest.simulationWithLowForceTorqueMaximums-0.jsonl.gz: OK
U-FrictionJointSimulationTest.simulationWithLowForceTorqueMaximums-1.jsonl.gz: OK
U-FrictionJointSimulationTest.simulationWithLowForceTorqueMaximums-10.jsonl.gz: OK
U-FrictionJointSimulationTest.simulationWithLowForceTorqueMaximums-11.jsonl.gz: OK
U-FrictionJointSimulationTest.simulationWithLowForceTorqueMaximums-12.jsonl.gz: OK
U-FrictionJointSimulationTest.simulationWithLowForceTorqueMaximums-13.jsonl.gz: OK
U-FrictionJointSimulationTest.simulationWithLowForceTorqueMaximums-14.jsonl.gz: OK
U-FrictionJointSimulationTest.simulationWithLowForceTorqueMaximums-15.jsonl.gz: OK
U-FrictionJointSimulationTest.simulationWithLowForceTorqueMaximums-16.jsonl.gz: OK
U-FrictionJointSimulationTest.simulationWithLowForceTorqueMaximums-17.jsonl.gz: OK
U-FrictionJointSimulationTest.simulationWithLowForceTorqueMaximums-18.jsonl.gz: OK
U-FrictionJointSimulationTest.simulationWithLowForceTorqueMaximums-19.jsonl.gz: OK
U-FrictionJointSimulationTest.simulationWithLowForceTorqueMaximums-2.jsonl.gz: OK
U-FrictionJointSimulationTest.simulationWithLowForceTorqueMaximums-20.jsonl.gz: OK
U-FrictionJointSimulationTest.simulationWithLowForceTorqueMaximums-21.jsonl.gz: OK
U-FrictionJointSimulationTest.simulationWithLowForceTorqueMaximums-22.jsonl.gz: OK
U-FrictionJointSimulationTest.simulationWithLowForceTorqueMaximums-23.jsonl.gz: OK
U-FrictionJointSimulationTest.simulationWithLowForceTorqueMaximums-3.jsonl.gz: OK
U-FrictionJointSimulationTest.simulationWithLowForceTorqueMaximums-4.jsonl.gz: OK
U-FrictionJointSimulationTest.simulationWithLowForceTorqueMaximums-5.jsonl.gz: OK
U-FrictionJointSimulationTest.simulationWithLowForceTorqueMaximums-6.jsonl.gz: OK
U-FrictionJointSimulationTest.simulationWithLowForceTorqueMaximums-7.jsonl.gz: OK
U-FrictionJointSimulationTest.simulationWithLowForceTorqueMaximums-8.jsonl.gz: OK
U-FrictionJointSimulationTest.simulationWithLowForceTorqueMaximums-9.jsonl.gz: OK
U-MotorJointSimulationTest.simple-0.jsonl.gz: OK
U-MotorJointSimulationTest.simple-25.jsonl.gz: OK
U-MotorJointSimulationTest.simple-30.jsonl.gz: OK
U-PinJointSimulationTest.fixedLinearVelocity-0.jsonl.gz: OK
U-PinJointSimulationTest.noSpringDamper-0.jsonl.gz: OK
U-PrismaticJointSimulationTest.limits-0.jsonl.gz: OK
U-PrismaticJointSimulationTest.limits-1.jsonl.gz: OK
U-PrismaticJointSimulationTest.limits-2.jsonl.gz: OK
U-PrismaticJointSimulationTest.motorWithAndWithoutLimits-0.jsonl.gz: OK
U-PrismaticJointSimulationTest.motorWithAndWithoutLimits-1.jsonl.gz: OK
U-PrismaticJointSimulationTest.motorWithAndWithoutLimits-12.jsonl.gz: OK
U-PrismaticJointSimulationTest.motorWithAndWithoutLimits-13.jsonl.gz: OK
U-PrismaticJointSimulationTest.motorWithAndWithoutLimits-2.jsonl.gz: OK
U-PrismaticJointSimulationTest.noLimitsNoMotor-0.jsonl.gz: OK
U-PrismaticJointSimulationTest.noLimitsNoMotor-12.jsonl.gz: OK
U-PrismaticJointSimulationTest.noLimitsNoMotor-4.jsonl.gz: OK
U-PrismaticJointSimulationTest.noLimitsNoMotor-8.jsonl.gz: OK
U-PrismaticJointSimulationTest.springOnly-0.jsonl.gz: OK
U-PulleyJointSimulationTest.simpleLinkage-0.jsonl.gz: OK
U-PulleyJointSimulationTest.simpleLinkage-1.jsonl.gz: OK
U-PulleyJointSimulationTest.simpleLinkage-2.jsonl.gz: OK
U-PulleyJointSimulationTest.withAndWithoutSlack-0.jsonl.gz: OK
U-PulleyJointSimulationTest.withAndWithoutSlack-1.jsonl.gz: OK
U-PulleyJointSimulationTest.withAndWithoutSlack-3.jsonl.gz: OK
U-RevoluteJointSimulationTest.limits-0.jsonl.gz: OK
U-RevoluteJointSimulationTest.limits-1.jsonl.gz: OK
U-RevoluteJointSimulationTest.limits-2.jsonl.gz: OK
U-RevoluteJointSimulationTest.motorWithAndWithoutLimits-0.jsonl.gz: OK
U-RevoluteJointSimulationTest.motorWithAndWithoutLimits-1.jsonl.gz: OK
U-RevoluteJointSimulationTest.motorWithAndWithoutLimits-31.jsonl.gz: OK
U-RevoluteJointSimulationTest.motorWithAndWithoutLimits-32.jsonl.gz: OK
U-RevoluteJointSimulationTest.noLimitsNoMotor-0.jsonl.gz: OK
U-RevoluteJointSimulationTest.noLimitsNoMotor-12.jsonl.gz: OK
U-RevoluteJointSimulationTest.noLimitsNoMotor-4.jsonl.gz: OK
U-RevoluteJointSimulationTest.noLimitsNoMotor-8.jsonl.gz: OK
U-TorqueSimulationTest.applyTimed-0.jsonl.gz: OK
U-TorqueSimulationTest.applyTimed-1.jsonl.gz: OK
U-WeldJointSimulationTest.softConstraint-0.jsonl.gz: OK
U-WeldJointSimulationTest.softConstraint-1.jsonl.gz: OK
U-WeldJointSimulationTest.softConstraint-21.jsonl.gz: OK
U-WeldJointSimulationTest.softConstraintWithLimitsLower-0.jsonl.gz: OK
U-WeldJointSimulationTest.softConstraintWithLimitsUpper-0.jsonl.gz: OK
U-WeldJointSimulationTest.standard-0.jsonl.gz: OK
U-WeldJointSimulationTest.standard-12.jsonl.gz: OK
U-WeldJointSimulationTest.standard-4.jsonl.gz: OK
U-WeldJointSimulationTest.standard-8.jsonl.gz: OK
U-WheelJointSimulationTest.limitsOnly-0.jsonl.gz: OK
U-WheelJointSimulationTest.limitsOnly-111.jsonl.gz: OK
U-WheelJointSimulationTest.limitsOnly-30.jsonl.gz: OK
U-WheelJointSimulationTest.limitsOnly-60.jsonl.gz: OK
U-WheelJointSimulationTest.limitsOnly-61.jsonl.gz: OK
U-WheelJointSimulationTest.motorOnly-0.jsonl.gz: OK
U-WheelJointSimulationTest.noLimitsNoMotor-0.jsonl.gz: OK
U-WheelJointSimulationTest.noLimitsNoMotor-12.jsonl.gz: OK
U-WheelJointSimulationTest.noLimitsNoMotor-4.jsonl.gz: OK
U-WheelJointSimulationTest.noLimitsNoMotor-8.jsonl.gz: OK
U-WheelJointSimulationTest.springDamperWithLimits-0.jsonl.gz: OK
U-WheelJointSimulationTest.springDamperWithLimits-20.jsonl.gz: OK
U-WheelJointSimulationTest.springDamperWithLimits-22.jsonl.gz: OK
U-WheelJointSimulationTest.springDamperWithLimits-24.jsonl.gz: OK
U-scale-fixedDistance-0.01--1000.0-1000.0-0.jsonl.gz: OK
U-scale-fixedDistance-0.01--1000000.0-1000000.0-0.jsonl.gz: OK
U-scale-fixedDistance-0.01-0.0-0.0-0.jsonl.gz: OK
U-scale-fixedDistance-0.01-1000.0-1000.0-0.jsonl.gz: OK
U-scale-fixedDistance-0.01-1000000.0--1000000.0-0.jsonl.gz: OK
U-scale-fixedDistance-1.0--1000.0-1000.0-0.jsonl.gz: OK
U-scale-fixedDistance-1.0--1000000.0-1000000.0-0.jsonl.gz: OK
U-scale-fixedDistance-1.0-0.0-0.0-0.jsonl.gz: OK
U-scale-fixedDistance-1.0-1000.0-1000.0-0.jsonl.gz: OK
U-scale-fixedDistance-1.0-1000000.0--1000000.0-0.jsonl.gz: OK
U-scale-fixedDistance-100.0--1000.0-1000.0-0.jsonl.gz: OK
U-scale-fixedDistance-100.0--1000000.0-1000000.0-0.jsonl.gz: OK
U-scale-fixedDistance-100.0-0.0-0.0-0.jsonl.gz: OK
U-scale-fixedDistance-100.0-1000.0-1000.0-0.jsonl.gz: OK
U-scale-fixedDistance-100.0-1000000.0--1000000.0-0.jsonl.gz: OK
U-scale-motorWithAndWithoutLimits-0.01--1000.0-1000.0-0.jsonl.gz: OK
U-scale-motorWithAndWithoutLimits-0.01--1000.0-1000.0-1.jsonl.gz: OK
U-scale-motorWithAndWithoutLimits-0.01--1000.0-1000.0-31.jsonl.gz: OK
U-scale-motorWithAndWithoutLimits-0.01--1000.0-1000.0-32.jsonl.gz: OK
U-scale-motorWithAndWithoutLimits-0.01--1000000.0-1000000.0-0.jsonl.gz: OK
U-scale-motorWithAndWithoutLimits-0.01--1000000.0-1000000.0-1.jsonl.gz: OK
U-scale-motorWithAndWithoutLimits-0.01--1000000.0-1000000.0-31.jsonl.gz: OK
U-scale-motorWithAndWithoutLimits-0.01--1000000.0-1000000.0-32.jsonl.gz: OK
U-scale-motorWithAndWithoutLimits-0.01-0.0-0.0-0.jsonl.gz: OK
U-scale-motorWithAndWithoutLimits-0.01-0.0-0.0-1.jsonl.gz: OK
U-scale-motorWithAndWithoutLimits-0.01-0.0-0.0-31.jsonl.gz: OK
U-scale-motorWithAndWithoutLimits-0.01-0.0-0.0-32.jsonl.gz: OK
U-scale-motorWithAndWithoutLimits-0.01-1000.0-1000.0-0.jsonl.gz: OK
U-scale-motorWithAndWithoutLimits-0.01-1000.0-1000.0-1.jsonl.gz: OK
U-scale-motorWithAndWithoutLimits-0.01-1000.0-1000.0-31.jsonl.gz: OK
U-scale-motorWithAndWithoutLimits-0.01-1000.0-1000.0-32.jsonl.gz: OK
U-scale-motorWithAndWithoutLimits-0.01-1000000.0--1000000.0-0.jsonl.gz: OK
U-scale-motorWithAndWithoutLimits-0.01-1000000.0--1000000.0-1.jsonl.gz: OK
U-scale-motorWithAndWithoutLimits-0.01-1000000.0--1000000.0-31.jsonl.gz: OK
U-scale-motorWithAndWithoutLimits-0.01-1000000.0--1000000.0-32.jsonl.gz: OK
U-scale-motorWithAndWithoutLimits-1.0--1000.0-1000.0-0.jsonl.gz: OK
U-scale-motorWithAndWithoutLimits-1.0--1000.0-1000.0-1.jsonl.gz: OK
U-scale-motorWithAndWithoutLimits-1.0--1000.0-1000.0-31.jsonl.gz: OK
U-scale-motorWithAndWithoutLimits-1.0--1000.0-1000.0-32.jsonl.gz: OK
U-scale-motorWithAndWithoutLimits-1.0--1000000.0-1000000.0-0.jsonl.gz: OK
U-scale-motorWithAndWithoutLimits-1.0--1000000.0-1000000.0-1.jsonl.gz: OK
U-scale-motorWithAndWithoutLimits-1.0--1000000.0-1000000.0-31.jsonl.gz: OK
U-scale-motorWithAndWithoutLimits-1.0--1000000.0-1000000.0-32.jsonl.gz: OK
U-scale-motorWithAndWithoutLimits-1.0-0.0-0.0-0.jsonl.gz: OK
U-scale-motorWithAndWithoutLimits-1.0-0.0-0.0-1.jsonl.gz: OK
U-scale-motorWithAndWithoutLimits-1.0-0.0-0.0-31.jsonl.gz: OK
U-scale-motorWithAndWithoutLimits-1.0-0.0-0.0-32.jsonl.gz: OK
U-scale-motorWithAndWithoutLimits-1.0-1000.0-1000.0-0.jsonl.gz: OK
U-scale-motorWithAndWithoutLimits-1.0-1000.0-1000.0-1.jsonl.gz: OK
U-scale-motorWithAndWithoutLimits-1.0-1000.0-1000.0-31.jsonl.gz: OK
U-scale-motorWithAndWithoutLimits-1.0-1000.0-1000.0-32.jsonl.gz: OK
U-scale-motorWithAndWithoutLimits-1.0-1000000.0--1000000.0-0.jsonl.gz: OK
U-scale-motorWithAndWithoutLimits-1.0-1000000.0--1000000.0-1.jsonl.gz: OK
U-scale-motorWithAndWithoutLimits-1.0-1000000.0--1000000.0-31.jsonl.gz: OK
U-scale-motorWithAndWithoutLimits-1.0-1000000.0--1000000.0-32.jsonl.gz: OK
U-scale-motorWithAndWithoutLimits-100.0--1000.0-1000.0-0.jsonl.gz: OK
U-scale-motorWithAndWithoutLimits-100.0--1000.0-1000.0-1.jsonl.gz: OK
U-scale-motorWithAndWithoutLimits-100.0--1000.0-1000.0-31.jsonl.gz: OK
U-scale-motorWithAndWithoutLimits-100.0--1000.0-1000.0-32.jsonl.gz: OK
U-scale-motorWithAndWithoutLimits-100.0--1000000.0-1000000.0-0.jsonl.gz: OK
U-scale-motorWithAndWithoutLimits-100.0--1000000.0-1000000.0-1.jsonl.gz: OK
U-scale-motorWithAndWithoutLimits-100.0--1000000.0-1000000.0-31.jsonl.gz: OK
U-scale-motorWithAndWithoutLimits-100.0--1000000.0-1000000.0-32.jsonl.gz: OK
U-scale-motorWithAndWithoutLimits-100.0-0.0-0.0-0.jsonl.gz: OK
U-scale-motorWithAndWithoutLimits-100.0-0.0-0.0-1.jsonl.gz: OK
U-scale-motorWithAndWithoutLimits-100.0-0.0-0.0-31.jsonl.gz: OK
U-scale-motorWithAndWithoutLimits-100.0-0.0-0.0-32.jsonl.gz: OK
U-scale-motorWithAndWithoutLimits-100.0-1000.0-1000.0-0.jsonl.gz: OK
U-scale-motorWithAndWithoutLimits-100.0-1000.0-1000.0-1.jsonl.gz: OK
U-scale-motorWithAndWithoutLimits-100.0-1000.0-1000.0-31.jsonl.gz: OK
U-scale-motorWithAndWithoutLimits-100.0-1000.0-1000.0-32.jsonl.gz: OK
U-scale-motorWithAndWithoutLimits-100.0-1000000.0--1000000.0-0.jsonl.gz: OK
U-scale-motorWithAndWithoutLimits-100.0-1000000.0--1000000.0-1.jsonl.gz: OK
U-scale-motorWithAndWithoutLimits-100.0-1000000.0--1000000.0-31.jsonl.gz: OK
U-scale-motorWithAndWithoutLimits-100.0-1000000.0--1000000.0-32.jsonl.gz: OK
